[2023-05-29 04:12:06] production.ERROR: SQLSTATE[HY000] [1045] Access denied for user 'forge'@'localhost' (using password: NO) (SQL: select * from `Admin` where `UserId` = Gyana@123) {"exception":"[object] (Illuminate\\Database\\QueryException(code: 1045): SQLSTATE[HY000] [1045] Access denied for user 'forge'@'localhost' (using password: NO) (SQL: select * from `Admin` where `UserId` = Gyana@123) at C:\\xampp\\htdocs\\matrimonial\\vendor\\illuminate\\database\\Connection.php:712)
[stacktrace]
#0 C:\\xampp\\htdocs\\matrimonial\\vendor\\illuminate\\database\\Connection.php(672): Illuminate\\Database\\Connection->runQueryCallback('select * from `...', Array, Object(Closure))
#1 C:\\xampp\\htdocs\\matrimonial\\vendor\\illuminate\\database\\Connection.php(376): Illuminate\\Database\\Connection->run('select * from `...', Array, Object(Closure))
#2 C:\\xampp\\htdocs\\matrimonial\\vendor\\illuminate\\database\\Query\\Builder.php(2414): Illuminate\\Database\\Connection->select('select * from `...', Array, true)
#3 C:\\xampp\\htdocs\\matrimonial\\vendor\\illuminate\\database\\Query\\Builder.php(2402): Illuminate\\Database\\Query\\Builder->runSelect()
#4 C:\\xampp\\htdocs\\matrimonial\\vendor\\illuminate\\database\\Query\\Builder.php(2936): Illuminate\\Database\\Query\\Builder->Illuminate\\Database\\Query\\{closure}()
#5 C:\\xampp\\htdocs\\matrimonial\\vendor\\illuminate\\database\\Query\\Builder.php(2403): Illuminate\\Database\\Query\\Builder->onceWithColumns(Array, Object(Closure))
#6 C:\\xampp\\htdocs\\matrimonial\\app\\Http\\Controllers\\loginController.php(20): Illuminate\\Database\\Query\\Builder->get()
#7 C:\\xampp\\htdocs\\matrimonial\\vendor\\illuminate\\container\\BoundMethod.php(36): App\\Http\\Controllers\\loginController->adminLogin()
#8 C:\\xampp\\htdocs\\matrimonial\\vendor\\illuminate\\container\\Util.php(40): Illuminate\\Container\\BoundMethod::Illuminate\\Container\\{closure}()
#9 C:\\xampp\\htdocs\\matrimonial\\vendor\\illuminate\\container\\BoundMethod.php(93): Illuminate\\Container\\Util::unwrapIfClosure(Object(Closure))
#10 C:\\xampp\\htdocs\\matrimonial\\vendor\\illuminate\\container\\BoundMethod.php(37): Illuminate\\Container\\BoundMethod::callBoundMethod(Object(Laravel\\Lumen\\Application), Array, Object(Closure))
#11 C:\\xampp\\htdocs\\matrimonial\\vendor\\illuminate\\container\\Container.php(653): Illuminate\\Container\\BoundMethod::call(Object(Laravel\\Lumen\\Application), Array, Array, NULL)
#12 C:\\xampp\\htdocs\\matrimonial\\vendor\\laravel\\lumen-framework\\src\\Concerns\\RoutesRequests.php(389): Illuminate\\Container\\Container->call(Array, Array)
#13 C:\\xampp\\htdocs\\matrimonial\\vendor\\laravel\\lumen-framework\\src\\Concerns\\RoutesRequests.php(355): Laravel\\Lumen\\Application->callControllerCallable(Array, Array)
#14 C:\\xampp\\htdocs\\matrimonial\\vendor\\laravel\\lumen-framework\\src\\Concerns\\RoutesRequests.php(329): Laravel\\Lumen\\Application->callLumenController(Object(App\\Http\\Controllers\\loginController), 'adminLogin', Array)
#15 C:\\xampp\\htdocs\\matrimonial\\vendor\\laravel\\lumen-framework\\src\\Concerns\\RoutesRequests.php(282): Laravel\\Lumen\\Application->callControllerAction(Array)
#16 C:\\xampp\\htdocs\\matrimonial\\vendor\\laravel\\lumen-framework\\src\\Concerns\\RoutesRequests.php(267): Laravel\\Lumen\\Application->callActionOnArrayBasedRoute(Array)
#17 C:\\xampp\\htdocs\\matrimonial\\vendor\\laravel\\lumen-framework\\src\\Concerns\\RoutesRequests.php(169): Laravel\\Lumen\\Application->handleFoundRoute(Array)
#18 C:\\xampp\\htdocs\\matrimonial\\vendor\\laravel\\lumen-framework\\src\\Routing\\Pipeline.php(48): Laravel\\Lumen\\Application->Laravel\\Lumen\\Concerns\\{closure}(Object(Laravel\\Lumen\\Http\\Request))
#19 C:\\xampp\\htdocs\\matrimonial\\app\\Http\\Middleware\\CorsMiddleware.php(28): Laravel\\Lumen\\Routing\\Pipeline->Laravel\\Lumen\\Routing\\{closure}(Object(Laravel\\Lumen\\Http\\Request))
#20 C:\\xampp\\htdocs\\matrimonial\\vendor\\illuminate\\pipeline\\Pipeline.php(167): App\\Http\\Middleware\\CorsMiddleware->handle(Object(Laravel\\Lumen\\Http\\Request), Object(Closure))
#21 C:\\xampp\\htdocs\\matrimonial\\vendor\\laravel\\lumen-framework\\src\\Routing\\Pipeline.php(30): Illuminate\\Pipeline\\Pipeline->Illuminate\\Pipeline\\{closure}(Object(Laravel\\Lumen\\Http\\Request))
#22 C:\\xampp\\htdocs\\matrimonial\\app\\Http\\Middleware\\ExampleMiddleware.php(18): Laravel\\Lumen\\Routing\\Pipeline->Laravel\\Lumen\\Routing\\{closure}(Object(Laravel\\Lumen\\Http\\Request))
#23 C:\\xampp\\htdocs\\matrimonial\\vendor\\illuminate\\pipeline\\Pipeline.php(167): App\\Http\\Middleware\\ExampleMiddleware->handle(Object(Laravel\\Lumen\\Http\\Request), Object(Closure))
#24 C:\\xampp\\htdocs\\matrimonial\\vendor\\laravel\\lumen-framework\\src\\Routing\\Pipeline.php(30): Illuminate\\Pipeline\\Pipeline->Illuminate\\Pipeline\\{closure}(Object(Laravel\\Lumen\\Http\\Request))
#25 C:\\xampp\\htdocs\\matrimonial\\vendor\\illuminate\\pipeline\\Pipeline.php(103): Laravel\\Lumen\\Routing\\Pipeline->Laravel\\Lumen\\Routing\\{closure}(Object(Laravel\\Lumen\\Http\\Request))
#26 C:\\xampp\\htdocs\\matrimonial\\vendor\\laravel\\lumen-framework\\src\\Concerns\\RoutesRequests.php(426): Illuminate\\Pipeline\\Pipeline->then(Object(Closure))
#27 C:\\xampp\\htdocs\\matrimonial\\vendor\\laravel\\lumen-framework\\src\\Concerns\\RoutesRequests.php(175): Laravel\\Lumen\\Application->sendThroughPipeline(Array, Object(Closure))
#28 C:\\xampp\\htdocs\\matrimonial\\vendor\\laravel\\lumen-framework\\src\\Concerns\\RoutesRequests.php(112): Laravel\\Lumen\\Application->dispatch(NULL)
#29 C:\\xampp\\htdocs\\matrimonial\\public\\index.php(28): Laravel\\Lumen\\Application->run()
#30 {main}

[previous exception] [object] (PDOException(code: 1045): SQLSTATE[HY000] [1045] Access denied for user 'forge'@'localhost' (using password: NO) at C:\\xampp\\htdocs\\matrimonial\\vendor\\illuminate\\database\\Connectors\\Connector.php:70)
[stacktrace]
#0 C:\\xampp\\htdocs\\matrimonial\\vendor\\illuminate\\database\\Connectors\\Connector.php(70): PDO->__construct('mysql:host=127....', 'forge', '', Array)
#1 C:\\xampp\\htdocs\\matrimonial\\vendor\\illuminate\\database\\Connectors\\Connector.php(46): Illuminate\\Database\\Connectors\\Connector->createPdoConnection('mysql:host=127....', 'forge', '', Array)
#2 C:\\xampp\\htdocs\\matrimonial\\vendor\\illuminate\\database\\Connectors\\MySqlConnector.php(24): Illuminate\\Database\\Connectors\\Connector->createConnection('mysql:host=127....', Array, Array)
#3 C:\\xampp\\htdocs\\matrimonial\\vendor\\illuminate\\database\\Connectors\\ConnectionFactory.php(184): Illuminate\\Database\\Connectors\\MySqlConnector->connect(Array)
#4 [internal function]: Illuminate\\Database\\Connectors\\ConnectionFactory->Illuminate\\Database\\Connectors\\{closure}()
#5 C:\\xampp\\htdocs\\matrimonial\\vendor\\illuminate\\database\\Connection.php(1064): call_user_func(Object(Closure))
#6 C:\\xampp\\htdocs\\matrimonial\\vendor\\illuminate\\database\\Connection.php(1100): Illuminate\\Database\\Connection->getPdo()
#7 C:\\xampp\\htdocs\\matrimonial\\vendor\\illuminate\\database\\Connection.php(442): Illuminate\\Database\\Connection->getReadPdo()
#8 C:\\xampp\\htdocs\\matrimonial\\vendor\\illuminate\\database\\Connection.php(368): Illuminate\\Database\\Connection->getPdoForSelect(true)
#9 C:\\xampp\\htdocs\\matrimonial\\vendor\\illuminate\\database\\Connection.php(705): Illuminate\\Database\\Connection->Illuminate\\Database\\{closure}('select * from `...', Array)
#10 C:\\xampp\\htdocs\\matrimonial\\vendor\\illuminate\\database\\Connection.php(672): Illuminate\\Database\\Connection->runQueryCallback('select * from `...', Array, Object(Closure))
#11 C:\\xampp\\htdocs\\matrimonial\\vendor\\illuminate\\database\\Connection.php(376): Illuminate\\Database\\Connection->run('select * from `...', Array, Object(Closure))
#12 C:\\xampp\\htdocs\\matrimonial\\vendor\\illuminate\\database\\Query\\Builder.php(2414): Illuminate\\Database\\Connection->select('select * from `...', Array, true)
#13 C:\\xampp\\htdocs\\matrimonial\\vendor\\illuminate\\database\\Query\\Builder.php(2402): Illuminate\\Database\\Query\\Builder->runSelect()
#14 C:\\xampp\\htdocs\\matrimonial\\vendor\\illuminate\\database\\Query\\Builder.php(2936): Illuminate\\Database\\Query\\Builder->Illuminate\\Database\\Query\\{closure}()
#15 C:\\xampp\\htdocs\\matrimonial\\vendor\\illuminate\\database\\Query\\Builder.php(2403): Illuminate\\Database\\Query\\Builder->onceWithColumns(Array, Object(Closure))
#16 C:\\xampp\\htdocs\\matrimonial\\app\\Http\\Controllers\\loginController.php(20): Illuminate\\Database\\Query\\Builder->get()
#17 C:\\xampp\\htdocs\\matrimonial\\vendor\\illuminate\\container\\BoundMethod.php(36): App\\Http\\Controllers\\loginController->adminLogin()
#18 C:\\xampp\\htdocs\\matrimonial\\vendor\\illuminate\\container\\Util.php(40): Illuminate\\Container\\BoundMethod::Illuminate\\Container\\{closure}()
#19 C:\\xampp\\htdocs\\matrimonial\\vendor\\illuminate\\container\\BoundMethod.php(93): Illuminate\\Container\\Util::unwrapIfClosure(Object(Closure))
#20 C:\\xampp\\htdocs\\matrimonial\\vendor\\illuminate\\container\\BoundMethod.php(37): Illuminate\\Container\\BoundMethod::callBoundMethod(Object(Laravel\\Lumen\\Application), Array, Object(Closure))
#21 C:\\xampp\\htdocs\\matrimonial\\vendor\\illuminate\\container\\Container.php(653): Illuminate\\Container\\BoundMethod::call(Object(Laravel\\Lumen\\Application), Array, Array, NULL)
#22 C:\\xampp\\htdocs\\matrimonial\\vendor\\laravel\\lumen-framework\\src\\Concerns\\RoutesRequests.php(389): Illuminate\\Container\\Container->call(Array, Array)
#23 C:\\xampp\\htdocs\\matrimonial\\vendor\\laravel\\lumen-framework\\src\\Concerns\\RoutesRequests.php(355): Laravel\\Lumen\\Application->callControllerCallable(Array, Array)
#24 C:\\xampp\\htdocs\\matrimonial\\vendor\\laravel\\lumen-framework\\src\\Concerns\\RoutesRequests.php(329): Laravel\\Lumen\\Application->callLumenController(Object(App\\Http\\Controllers\\loginController), 'adminLogin', Array)
#25 C:\\xampp\\htdocs\\matrimonial\\vendor\\laravel\\lumen-framework\\src\\Concerns\\RoutesRequests.php(282): Laravel\\Lumen\\Application->callControllerAction(Array)
#26 C:\\xampp\\htdocs\\matrimonial\\vendor\\laravel\\lumen-framework\\src\\Concerns\\RoutesRequests.php(267): Laravel\\Lumen\\Application->callActionOnArrayBasedRoute(Array)
#27 C:\\xampp\\htdocs\\matrimonial\\vendor\\laravel\\lumen-framework\\src\\Concerns\\RoutesRequests.php(169): Laravel\\Lumen\\Application->handleFoundRoute(Array)
#28 C:\\xampp\\htdocs\\matrimonial\\vendor\\laravel\\lumen-framework\\src\\Routing\\Pipeline.php(48): Laravel\\Lumen\\Application->Laravel\\Lumen\\Concerns\\{closure}(Object(Laravel\\Lumen\\Http\\Request))
#29 C:\\xampp\\htdocs\\matrimonial\\app\\Http\\Middleware\\CorsMiddleware.php(28): Laravel\\Lumen\\Routing\\Pipeline->Laravel\\Lumen\\Routing\\{closure}(Object(Laravel\\Lumen\\Http\\Request))
#30 C:\\xampp\\htdocs\\matrimonial\\vendor\\illuminate\\pipeline\\Pipeline.php(167): App\\Http\\Middleware\\CorsMiddleware->handle(Object(Laravel\\Lumen\\Http\\Request), Object(Closure))
#31 C:\\xampp\\htdocs\\matrimonial\\vendor\\laravel\\lumen-framework\\src\\Routing\\Pipeline.php(30): Illuminate\\Pipeline\\Pipeline->Illuminate\\Pipeline\\{closure}(Object(Laravel\\Lumen\\Http\\Request))
#32 C:\\xampp\\htdocs\\matrimonial\\app\\Http\\Middleware\\ExampleMiddleware.php(18): Laravel\\Lumen\\Routing\\Pipeline->Laravel\\Lumen\\Routing\\{closure}(Object(Laravel\\Lumen\\Http\\Request))
#33 C:\\xampp\\htdocs\\matrimonial\\vendor\\illuminate\\pipeline\\Pipeline.php(167): App\\Http\\Middleware\\ExampleMiddleware->handle(Object(Laravel\\Lumen\\Http\\Request), Object(Closure))
#34 C:\\xampp\\htdocs\\matrimonial\\vendor\\laravel\\lumen-framework\\src\\Routing\\Pipeline.php(30): Illuminate\\Pipeline\\Pipeline->Illuminate\\Pipeline\\{closure}(Object(Laravel\\Lumen\\Http\\Request))
#35 C:\\xampp\\htdocs\\matrimonial\\vendor\\illuminate\\pipeline\\Pipeline.php(103): Laravel\\Lumen\\Routing\\Pipeline->Laravel\\Lumen\\Routing\\{closure}(Object(Laravel\\Lumen\\Http\\Request))
#36 C:\\xampp\\htdocs\\matrimonial\\vendor\\laravel\\lumen-framework\\src\\Concerns\\RoutesRequests.php(426): Illuminate\\Pipeline\\Pipeline->then(Object(Closure))
#37 C:\\xampp\\htdocs\\matrimonial\\vendor\\laravel\\lumen-framework\\src\\Concerns\\RoutesRequests.php(175): Laravel\\Lumen\\Application->sendThroughPipeline(Array, Object(Closure))
#38 C:\\xampp\\htdocs\\matrimonial\\vendor\\laravel\\lumen-framework\\src\\Concerns\\RoutesRequests.php(112): Laravel\\Lumen\\Application->dispatch(NULL)
#39 C:\\xampp\\htdocs\\matrimonial\\public\\index.php(28): Laravel\\Lumen\\Application->run()
#40 {main}
"} 
[2023-05-29 04:12:11] production.ERROR: SQLSTATE[HY000] [1045] Access denied for user 'forge'@'localhost' (using password: NO) (SQL: select * from `Admin` where `UserId` = Gyana@123) {"exception":"[object] (Illuminate\\Database\\QueryException(code: 1045): SQLSTATE[HY000] [1045] Access denied for user 'forge'@'localhost' (using password: NO) (SQL: select * from `Admin` where `UserId` = Gyana@123) at C:\\xampp\\htdocs\\matrimonial\\vendor\\illuminate\\database\\Connection.php:712)
[stacktrace]
#0 C:\\xampp\\htdocs\\matrimonial\\vendor\\illuminate\\database\\Connection.php(672): Illuminate\\Database\\Connection->runQueryCallback('select * from `...', Array, Object(Closure))
#1 C:\\xampp\\htdocs\\matrimonial\\vendor\\illuminate\\database\\Connection.php(376): Illuminate\\Database\\Connection->run('select * from `...', Array, Object(Closure))
#2 C:\\xampp\\htdocs\\matrimonial\\vendor\\illuminate\\database\\Query\\Builder.php(2414): Illuminate\\Database\\Connection->select('select * from `...', Array, true)
#3 C:\\xampp\\htdocs\\matrimonial\\vendor\\illuminate\\database\\Query\\Builder.php(2402): Illuminate\\Database\\Query\\Builder->runSelect()
#4 C:\\xampp\\htdocs\\matrimonial\\vendor\\illuminate\\database\\Query\\Builder.php(2936): Illuminate\\Database\\Query\\Builder->Illuminate\\Database\\Query\\{closure}()
#5 C:\\xampp\\htdocs\\matrimonial\\vendor\\illuminate\\database\\Query\\Builder.php(2403): Illuminate\\Database\\Query\\Builder->onceWithColumns(Array, Object(Closure))
#6 C:\\xampp\\htdocs\\matrimonial\\app\\Http\\Controllers\\loginController.php(20): Illuminate\\Database\\Query\\Builder->get()
#7 C:\\xampp\\htdocs\\matrimonial\\vendor\\illuminate\\container\\BoundMethod.php(36): App\\Http\\Controllers\\loginController->adminLogin()
#8 C:\\xampp\\htdocs\\matrimonial\\vendor\\illuminate\\container\\Util.php(40): Illuminate\\Container\\BoundMethod::Illuminate\\Container\\{closure}()
#9 C:\\xampp\\htdocs\\matrimonial\\vendor\\illuminate\\container\\BoundMethod.php(93): Illuminate\\Container\\Util::unwrapIfClosure(Object(Closure))
#10 C:\\xampp\\htdocs\\matrimonial\\vendor\\illuminate\\container\\BoundMethod.php(37): Illuminate\\Container\\BoundMethod::callBoundMethod(Object(Laravel\\Lumen\\Application), Array, Object(Closure))
#11 C:\\xampp\\htdocs\\matrimonial\\vendor\\illuminate\\container\\Container.php(653): Illuminate\\Container\\BoundMethod::call(Object(Laravel\\Lumen\\Application), Array, Array, NULL)
#12 C:\\xampp\\htdocs\\matrimonial\\vendor\\laravel\\lumen-framework\\src\\Concerns\\RoutesRequests.php(389): Illuminate\\Container\\Container->call(Array, Array)
#13 C:\\xampp\\htdocs\\matrimonial\\vendor\\laravel\\lumen-framework\\src\\Concerns\\RoutesRequests.php(355): Laravel\\Lumen\\Application->callControllerCallable(Array, Array)
#14 C:\\xampp\\htdocs\\matrimonial\\vendor\\laravel\\lumen-framework\\src\\Concerns\\RoutesRequests.php(329): Laravel\\Lumen\\Application->callLumenController(Object(App\\Http\\Controllers\\loginController), 'adminLogin', Array)
#15 C:\\xampp\\htdocs\\matrimonial\\vendor\\laravel\\lumen-framework\\src\\Concerns\\RoutesRequests.php(282): Laravel\\Lumen\\Application->callControllerAction(Array)
#16 C:\\xampp\\htdocs\\matrimonial\\vendor\\laravel\\lumen-framework\\src\\Concerns\\RoutesRequests.php(267): Laravel\\Lumen\\Application->callActionOnArrayBasedRoute(Array)
#17 C:\\xampp\\htdocs\\matrimonial\\vendor\\laravel\\lumen-framework\\src\\Concerns\\RoutesRequests.php(169): Laravel\\Lumen\\Application->handleFoundRoute(Array)
#18 C:\\xampp\\htdocs\\matrimonial\\vendor\\laravel\\lumen-framework\\src\\Routing\\Pipeline.php(48): Laravel\\Lumen\\Application->Laravel\\Lumen\\Concerns\\{closure}(Object(Laravel\\Lumen\\Http\\Request))
#19 C:\\xampp\\htdocs\\matrimonial\\app\\Http\\Middleware\\CorsMiddleware.php(28): Laravel\\Lumen\\Routing\\Pipeline->Laravel\\Lumen\\Routing\\{closure}(Object(Laravel\\Lumen\\Http\\Request))
#20 C:\\xampp\\htdocs\\matrimonial\\vendor\\illuminate\\pipeline\\Pipeline.php(167): App\\Http\\Middleware\\CorsMiddleware->handle(Object(Laravel\\Lumen\\Http\\Request), Object(Closure))
#21 C:\\xampp\\htdocs\\matrimonial\\vendor\\laravel\\lumen-framework\\src\\Routing\\Pipeline.php(30): Illuminate\\Pipeline\\Pipeline->Illuminate\\Pipeline\\{closure}(Object(Laravel\\Lumen\\Http\\Request))
#22 C:\\xampp\\htdocs\\matrimonial\\app\\Http\\Middleware\\ExampleMiddleware.php(18): Laravel\\Lumen\\Routing\\Pipeline->Laravel\\Lumen\\Routing\\{closure}(Object(Laravel\\Lumen\\Http\\Request))
#23 C:\\xampp\\htdocs\\matrimonial\\vendor\\illuminate\\pipeline\\Pipeline.php(167): App\\Http\\Middleware\\ExampleMiddleware->handle(Object(Laravel\\Lumen\\Http\\Request), Object(Closure))
#24 C:\\xampp\\htdocs\\matrimonial\\vendor\\laravel\\lumen-framework\\src\\Routing\\Pipeline.php(30): Illuminate\\Pipeline\\Pipeline->Illuminate\\Pipeline\\{closure}(Object(Laravel\\Lumen\\Http\\Request))
#25 C:\\xampp\\htdocs\\matrimonial\\vendor\\illuminate\\pipeline\\Pipeline.php(103): Laravel\\Lumen\\Routing\\Pipeline->Laravel\\Lumen\\Routing\\{closure}(Object(Laravel\\Lumen\\Http\\Request))
#26 C:\\xampp\\htdocs\\matrimonial\\vendor\\laravel\\lumen-framework\\src\\Concerns\\RoutesRequests.php(426): Illuminate\\Pipeline\\Pipeline->then(Object(Closure))
#27 C:\\xampp\\htdocs\\matrimonial\\vendor\\laravel\\lumen-framework\\src\\Concerns\\RoutesRequests.php(175): Laravel\\Lumen\\Application->sendThroughPipeline(Array, Object(Closure))
#28 C:\\xampp\\htdocs\\matrimonial\\vendor\\laravel\\lumen-framework\\src\\Concerns\\RoutesRequests.php(112): Laravel\\Lumen\\Application->dispatch(NULL)
#29 C:\\xampp\\htdocs\\matrimonial\\public\\index.php(28): Laravel\\Lumen\\Application->run()
#30 {main}

[previous exception] [object] (PDOException(code: 1045): SQLSTATE[HY000] [1045] Access denied for user 'forge'@'localhost' (using password: NO) at C:\\xampp\\htdocs\\matrimonial\\vendor\\illuminate\\database\\Connectors\\Connector.php:70)
[stacktrace]
#0 C:\\xampp\\htdocs\\matrimonial\\vendor\\illuminate\\database\\Connectors\\Connector.php(70): PDO->__construct('mysql:host=127....', 'forge', '', Array)
#1 C:\\xampp\\htdocs\\matrimonial\\vendor\\illuminate\\database\\Connectors\\Connector.php(46): Illuminate\\Database\\Connectors\\Connector->createPdoConnection('mysql:host=127....', 'forge', '', Array)
#2 C:\\xampp\\htdocs\\matrimonial\\vendor\\illuminate\\database\\Connectors\\MySqlConnector.php(24): Illuminate\\Database\\Connectors\\Connector->createConnection('mysql:host=127....', Array, Array)
#3 C:\\xampp\\htdocs\\matrimonial\\vendor\\illuminate\\database\\Connectors\\ConnectionFactory.php(184): Illuminate\\Database\\Connectors\\MySqlConnector->connect(Array)
#4 [internal function]: Illuminate\\Database\\Connectors\\ConnectionFactory->Illuminate\\Database\\Connectors\\{closure}()
#5 C:\\xampp\\htdocs\\matrimonial\\vendor\\illuminate\\database\\Connection.php(1064): call_user_func(Object(Closure))
#6 C:\\xampp\\htdocs\\matrimonial\\vendor\\illuminate\\database\\Connection.php(1100): Illuminate\\Database\\Connection->getPdo()
#7 C:\\xampp\\htdocs\\matrimonial\\vendor\\illuminate\\database\\Connection.php(442): Illuminate\\Database\\Connection->getReadPdo()
#8 C:\\xampp\\htdocs\\matrimonial\\vendor\\illuminate\\database\\Connection.php(368): Illuminate\\Database\\Connection->getPdoForSelect(true)
#9 C:\\xampp\\htdocs\\matrimonial\\vendor\\illuminate\\database\\Connection.php(705): Illuminate\\Database\\Connection->Illuminate\\Database\\{closure}('select * from `...', Array)
#10 C:\\xampp\\htdocs\\matrimonial\\vendor\\illuminate\\database\\Connection.php(672): Illuminate\\Database\\Connection->runQueryCallback('select * from `...', Array, Object(Closure))
#11 C:\\xampp\\htdocs\\matrimonial\\vendor\\illuminate\\database\\Connection.php(376): Illuminate\\Database\\Connection->run('select * from `...', Array, Object(Closure))
#12 C:\\xampp\\htdocs\\matrimonial\\vendor\\illuminate\\database\\Query\\Builder.php(2414): Illuminate\\Database\\Connection->select('select * from `...', Array, true)
#13 C:\\xampp\\htdocs\\matrimonial\\vendor\\illuminate\\database\\Query\\Builder.php(2402): Illuminate\\Database\\Query\\Builder->runSelect()
#14 C:\\xampp\\htdocs\\matrimonial\\vendor\\illuminate\\database\\Query\\Builder.php(2936): Illuminate\\Database\\Query\\Builder->Illuminate\\Database\\Query\\{closure}()
#15 C:\\xampp\\htdocs\\matrimonial\\vendor\\illuminate\\database\\Query\\Builder.php(2403): Illuminate\\Database\\Query\\Builder->onceWithColumns(Array, Object(Closure))
#16 C:\\xampp\\htdocs\\matrimonial\\app\\Http\\Controllers\\loginController.php(20): Illuminate\\Database\\Query\\Builder->get()
#17 C:\\xampp\\htdocs\\matrimonial\\vendor\\illuminate\\container\\BoundMethod.php(36): App\\Http\\Controllers\\loginController->adminLogin()
#18 C:\\xampp\\htdocs\\matrimonial\\vendor\\illuminate\\container\\Util.php(40): Illuminate\\Container\\BoundMethod::Illuminate\\Container\\{closure}()
#19 C:\\xampp\\htdocs\\matrimonial\\vendor\\illuminate\\container\\BoundMethod.php(93): Illuminate\\Container\\Util::unwrapIfClosure(Object(Closure))
#20 C:\\xampp\\htdocs\\matrimonial\\vendor\\illuminate\\container\\BoundMethod.php(37): Illuminate\\Container\\BoundMethod::callBoundMethod(Object(Laravel\\Lumen\\Application), Array, Object(Closure))
#21 C:\\xampp\\htdocs\\matrimonial\\vendor\\illuminate\\container\\Container.php(653): Illuminate\\Container\\BoundMethod::call(Object(Laravel\\Lumen\\Application), Array, Array, NULL)
#22 C:\\xampp\\htdocs\\matrimonial\\vendor\\laravel\\lumen-framework\\src\\Concerns\\RoutesRequests.php(389): Illuminate\\Container\\Container->call(Array, Array)
#23 C:\\xampp\\htdocs\\matrimonial\\vendor\\laravel\\lumen-framework\\src\\Concerns\\RoutesRequests.php(355): Laravel\\Lumen\\Application->callControllerCallable(Array, Array)
#24 C:\\xampp\\htdocs\\matrimonial\\vendor\\laravel\\lumen-framework\\src\\Concerns\\RoutesRequests.php(329): Laravel\\Lumen\\Application->callLumenController(Object(App\\Http\\Controllers\\loginController), 'adminLogin', Array)
#25 C:\\xampp\\htdocs\\matrimonial\\vendor\\laravel\\lumen-framework\\src\\Concerns\\RoutesRequests.php(282): Laravel\\Lumen\\Application->callControllerAction(Array)
#26 C:\\xampp\\htdocs\\matrimonial\\vendor\\laravel\\lumen-framework\\src\\Concerns\\RoutesRequests.php(267): Laravel\\Lumen\\Application->callActionOnArrayBasedRoute(Array)
#27 C:\\xampp\\htdocs\\matrimonial\\vendor\\laravel\\lumen-framework\\src\\Concerns\\RoutesRequests.php(169): Laravel\\Lumen\\Application->handleFoundRoute(Array)
#28 C:\\xampp\\htdocs\\matrimonial\\vendor\\laravel\\lumen-framework\\src\\Routing\\Pipeline.php(48): Laravel\\Lumen\\Application->Laravel\\Lumen\\Concerns\\{closure}(Object(Laravel\\Lumen\\Http\\Request))
#29 C:\\xampp\\htdocs\\matrimonial\\app\\Http\\Middleware\\CorsMiddleware.php(28): Laravel\\Lumen\\Routing\\Pipeline->Laravel\\Lumen\\Routing\\{closure}(Object(Laravel\\Lumen\\Http\\Request))
#30 C:\\xampp\\htdocs\\matrimonial\\vendor\\illuminate\\pipeline\\Pipeline.php(167): App\\Http\\Middleware\\CorsMiddleware->handle(Object(Laravel\\Lumen\\Http\\Request), Object(Closure))
#31 C:\\xampp\\htdocs\\matrimonial\\vendor\\laravel\\lumen-framework\\src\\Routing\\Pipeline.php(30): Illuminate\\Pipeline\\Pipeline->Illuminate\\Pipeline\\{closure}(Object(Laravel\\Lumen\\Http\\Request))
#32 C:\\xampp\\htdocs\\matrimonial\\app\\Http\\Middleware\\ExampleMiddleware.php(18): Laravel\\Lumen\\Routing\\Pipeline->Laravel\\Lumen\\Routing\\{closure}(Object(Laravel\\Lumen\\Http\\Request))
#33 C:\\xampp\\htdocs\\matrimonial\\vendor\\illuminate\\pipeline\\Pipeline.php(167): App\\Http\\Middleware\\ExampleMiddleware->handle(Object(Laravel\\Lumen\\Http\\Request), Object(Closure))
#34 C:\\xampp\\htdocs\\matrimonial\\vendor\\laravel\\lumen-framework\\src\\Routing\\Pipeline.php(30): Illuminate\\Pipeline\\Pipeline->Illuminate\\Pipeline\\{closure}(Object(Laravel\\Lumen\\Http\\Request))
#35 C:\\xampp\\htdocs\\matrimonial\\vendor\\illuminate\\pipeline\\Pipeline.php(103): Laravel\\Lumen\\Routing\\Pipeline->Laravel\\Lumen\\Routing\\{closure}(Object(Laravel\\Lumen\\Http\\Request))
#36 C:\\xampp\\htdocs\\matrimonial\\vendor\\laravel\\lumen-framework\\src\\Concerns\\RoutesRequests.php(426): Illuminate\\Pipeline\\Pipeline->then(Object(Closure))
#37 C:\\xampp\\htdocs\\matrimonial\\vendor\\laravel\\lumen-framework\\src\\Concerns\\RoutesRequests.php(175): Laravel\\Lumen\\Application->sendThroughPipeline(Array, Object(Closure))
#38 C:\\xampp\\htdocs\\matrimonial\\vendor\\laravel\\lumen-framework\\src\\Concerns\\RoutesRequests.php(112): Laravel\\Lumen\\Application->dispatch(NULL)
#39 C:\\xampp\\htdocs\\matrimonial\\public\\index.php(28): Laravel\\Lumen\\Application->run()
#40 {main}
"} 
[2023-05-29 04:14:25] production.ERROR: SQLSTATE[HY000] [1045] Access denied for user 'forge'@'localhost' (using password: NO) (SQL: select * from `Admin` where `UserId` = Gyana@123) {"exception":"[object] (Illuminate\\Database\\QueryException(code: 1045): SQLSTATE[HY000] [1045] Access denied for user 'forge'@'localhost' (using password: NO) (SQL: select * from `Admin` where `UserId` = Gyana@123) at C:\\xampp\\htdocs\\matrimonial\\vendor\\illuminate\\database\\Connection.php:712)
[stacktrace]
#0 C:\\xampp\\htdocs\\matrimonial\\vendor\\illuminate\\database\\Connection.php(672): Illuminate\\Database\\Connection->runQueryCallback('select * from `...', Array, Object(Closure))
#1 C:\\xampp\\htdocs\\matrimonial\\vendor\\illuminate\\database\\Connection.php(376): Illuminate\\Database\\Connection->run('select * from `...', Array, Object(Closure))
#2 C:\\xampp\\htdocs\\matrimonial\\vendor\\illuminate\\database\\Query\\Builder.php(2414): Illuminate\\Database\\Connection->select('select * from `...', Array, true)
#3 C:\\xampp\\htdocs\\matrimonial\\vendor\\illuminate\\database\\Query\\Builder.php(2402): Illuminate\\Database\\Query\\Builder->runSelect()
#4 C:\\xampp\\htdocs\\matrimonial\\vendor\\illuminate\\database\\Query\\Builder.php(2936): Illuminate\\Database\\Query\\Builder->Illuminate\\Database\\Query\\{closure}()
#5 C:\\xampp\\htdocs\\matrimonial\\vendor\\illuminate\\database\\Query\\Builder.php(2403): Illuminate\\Database\\Query\\Builder->onceWithColumns(Array, Object(Closure))
#6 C:\\xampp\\htdocs\\matrimonial\\app\\Http\\Controllers\\loginController.php(20): Illuminate\\Database\\Query\\Builder->get()
#7 C:\\xampp\\htdocs\\matrimonial\\vendor\\illuminate\\container\\BoundMethod.php(36): App\\Http\\Controllers\\loginController->adminLogin()
#8 C:\\xampp\\htdocs\\matrimonial\\vendor\\illuminate\\container\\Util.php(40): Illuminate\\Container\\BoundMethod::Illuminate\\Container\\{closure}()
#9 C:\\xampp\\htdocs\\matrimonial\\vendor\\illuminate\\container\\BoundMethod.php(93): Illuminate\\Container\\Util::unwrapIfClosure(Object(Closure))
#10 C:\\xampp\\htdocs\\matrimonial\\vendor\\illuminate\\container\\BoundMethod.php(37): Illuminate\\Container\\BoundMethod::callBoundMethod(Object(Laravel\\Lumen\\Application), Array, Object(Closure))
#11 C:\\xampp\\htdocs\\matrimonial\\vendor\\illuminate\\container\\Container.php(653): Illuminate\\Container\\BoundMethod::call(Object(Laravel\\Lumen\\Application), Array, Array, NULL)
#12 C:\\xampp\\htdocs\\matrimonial\\vendor\\laravel\\lumen-framework\\src\\Concerns\\RoutesRequests.php(389): Illuminate\\Container\\Container->call(Array, Array)
#13 C:\\xampp\\htdocs\\matrimonial\\vendor\\laravel\\lumen-framework\\src\\Concerns\\RoutesRequests.php(355): Laravel\\Lumen\\Application->callControllerCallable(Array, Array)
#14 C:\\xampp\\htdocs\\matrimonial\\vendor\\laravel\\lumen-framework\\src\\Concerns\\RoutesRequests.php(329): Laravel\\Lumen\\Application->callLumenController(Object(App\\Http\\Controllers\\loginController), 'adminLogin', Array)
#15 C:\\xampp\\htdocs\\matrimonial\\vendor\\laravel\\lumen-framework\\src\\Concerns\\RoutesRequests.php(282): Laravel\\Lumen\\Application->callControllerAction(Array)
#16 C:\\xampp\\htdocs\\matrimonial\\vendor\\laravel\\lumen-framework\\src\\Concerns\\RoutesRequests.php(267): Laravel\\Lumen\\Application->callActionOnArrayBasedRoute(Array)
#17 C:\\xampp\\htdocs\\matrimonial\\vendor\\laravel\\lumen-framework\\src\\Concerns\\RoutesRequests.php(169): Laravel\\Lumen\\Application->handleFoundRoute(Array)
#18 C:\\xampp\\htdocs\\matrimonial\\vendor\\laravel\\lumen-framework\\src\\Routing\\Pipeline.php(48): Laravel\\Lumen\\Application->Laravel\\Lumen\\Concerns\\{closure}(Object(Laravel\\Lumen\\Http\\Request))
#19 C:\\xampp\\htdocs\\matrimonial\\app\\Http\\Middleware\\CorsMiddleware.php(28): Laravel\\Lumen\\Routing\\Pipeline->Laravel\\Lumen\\Routing\\{closure}(Object(Laravel\\Lumen\\Http\\Request))
#20 C:\\xampp\\htdocs\\matrimonial\\vendor\\illuminate\\pipeline\\Pipeline.php(167): App\\Http\\Middleware\\CorsMiddleware->handle(Object(Laravel\\Lumen\\Http\\Request), Object(Closure))
#21 C:\\xampp\\htdocs\\matrimonial\\vendor\\laravel\\lumen-framework\\src\\Routing\\Pipeline.php(30): Illuminate\\Pipeline\\Pipeline->Illuminate\\Pipeline\\{closure}(Object(Laravel\\Lumen\\Http\\Request))
#22 C:\\xampp\\htdocs\\matrimonial\\app\\Http\\Middleware\\ExampleMiddleware.php(18): Laravel\\Lumen\\Routing\\Pipeline->Laravel\\Lumen\\Routing\\{closure}(Object(Laravel\\Lumen\\Http\\Request))
#23 C:\\xampp\\htdocs\\matrimonial\\vendor\\illuminate\\pipeline\\Pipeline.php(167): App\\Http\\Middleware\\ExampleMiddleware->handle(Object(Laravel\\Lumen\\Http\\Request), Object(Closure))
#24 C:\\xampp\\htdocs\\matrimonial\\vendor\\laravel\\lumen-framework\\src\\Routing\\Pipeline.php(30): Illuminate\\Pipeline\\Pipeline->Illuminate\\Pipeline\\{closure}(Object(Laravel\\Lumen\\Http\\Request))
#25 C:\\xampp\\htdocs\\matrimonial\\vendor\\illuminate\\pipeline\\Pipeline.php(103): Laravel\\Lumen\\Routing\\Pipeline->Laravel\\Lumen\\Routing\\{closure}(Object(Laravel\\Lumen\\Http\\Request))
#26 C:\\xampp\\htdocs\\matrimonial\\vendor\\laravel\\lumen-framework\\src\\Concerns\\RoutesRequests.php(426): Illuminate\\Pipeline\\Pipeline->then(Object(Closure))
#27 C:\\xampp\\htdocs\\matrimonial\\vendor\\laravel\\lumen-framework\\src\\Concerns\\RoutesRequests.php(175): Laravel\\Lumen\\Application->sendThroughPipeline(Array, Object(Closure))
#28 C:\\xampp\\htdocs\\matrimonial\\vendor\\laravel\\lumen-framework\\src\\Concerns\\RoutesRequests.php(112): Laravel\\Lumen\\Application->dispatch(NULL)
#29 C:\\xampp\\htdocs\\matrimonial\\public\\index.php(28): Laravel\\Lumen\\Application->run()
#30 {main}

[previous exception] [object] (PDOException(code: 1045): SQLSTATE[HY000] [1045] Access denied for user 'forge'@'localhost' (using password: NO) at C:\\xampp\\htdocs\\matrimonial\\vendor\\illuminate\\database\\Connectors\\Connector.php:70)
[stacktrace]
#0 C:\\xampp\\htdocs\\matrimonial\\vendor\\illuminate\\database\\Connectors\\Connector.php(70): PDO->__construct('mysql:host=127....', 'forge', '', Array)
#1 C:\\xampp\\htdocs\\matrimonial\\vendor\\illuminate\\database\\Connectors\\Connector.php(46): Illuminate\\Database\\Connectors\\Connector->createPdoConnection('mysql:host=127....', 'forge', '', Array)
#2 C:\\xampp\\htdocs\\matrimonial\\vendor\\illuminate\\database\\Connectors\\MySqlConnector.php(24): Illuminate\\Database\\Connectors\\Connector->createConnection('mysql:host=127....', Array, Array)
#3 C:\\xampp\\htdocs\\matrimonial\\vendor\\illuminate\\database\\Connectors\\ConnectionFactory.php(184): Illuminate\\Database\\Connectors\\MySqlConnector->connect(Array)
#4 [internal function]: Illuminate\\Database\\Connectors\\ConnectionFactory->Illuminate\\Database\\Connectors\\{closure}()
#5 C:\\xampp\\htdocs\\matrimonial\\vendor\\illuminate\\database\\Connection.php(1064): call_user_func(Object(Closure))
#6 C:\\xampp\\htdocs\\matrimonial\\vendor\\illuminate\\database\\Connection.php(1100): Illuminate\\Database\\Connection->getPdo()
#7 C:\\xampp\\htdocs\\matrimonial\\vendor\\illuminate\\database\\Connection.php(442): Illuminate\\Database\\Connection->getReadPdo()
#8 C:\\xampp\\htdocs\\matrimonial\\vendor\\illuminate\\database\\Connection.php(368): Illuminate\\Database\\Connection->getPdoForSelect(true)
#9 C:\\xampp\\htdocs\\matrimonial\\vendor\\illuminate\\database\\Connection.php(705): Illuminate\\Database\\Connection->Illuminate\\Database\\{closure}('select * from `...', Array)
#10 C:\\xampp\\htdocs\\matrimonial\\vendor\\illuminate\\database\\Connection.php(672): Illuminate\\Database\\Connection->runQueryCallback('select * from `...', Array, Object(Closure))
#11 C:\\xampp\\htdocs\\matrimonial\\vendor\\illuminate\\database\\Connection.php(376): Illuminate\\Database\\Connection->run('select * from `...', Array, Object(Closure))
#12 C:\\xampp\\htdocs\\matrimonial\\vendor\\illuminate\\database\\Query\\Builder.php(2414): Illuminate\\Database\\Connection->select('select * from `...', Array, true)
#13 C:\\xampp\\htdocs\\matrimonial\\vendor\\illuminate\\database\\Query\\Builder.php(2402): Illuminate\\Database\\Query\\Builder->runSelect()
#14 C:\\xampp\\htdocs\\matrimonial\\vendor\\illuminate\\database\\Query\\Builder.php(2936): Illuminate\\Database\\Query\\Builder->Illuminate\\Database\\Query\\{closure}()
#15 C:\\xampp\\htdocs\\matrimonial\\vendor\\illuminate\\database\\Query\\Builder.php(2403): Illuminate\\Database\\Query\\Builder->onceWithColumns(Array, Object(Closure))
#16 C:\\xampp\\htdocs\\matrimonial\\app\\Http\\Controllers\\loginController.php(20): Illuminate\\Database\\Query\\Builder->get()
#17 C:\\xampp\\htdocs\\matrimonial\\vendor\\illuminate\\container\\BoundMethod.php(36): App\\Http\\Controllers\\loginController->adminLogin()
#18 C:\\xampp\\htdocs\\matrimonial\\vendor\\illuminate\\container\\Util.php(40): Illuminate\\Container\\BoundMethod::Illuminate\\Container\\{closure}()
#19 C:\\xampp\\htdocs\\matrimonial\\vendor\\illuminate\\container\\BoundMethod.php(93): Illuminate\\Container\\Util::unwrapIfClosure(Object(Closure))
#20 C:\\xampp\\htdocs\\matrimonial\\vendor\\illuminate\\container\\BoundMethod.php(37): Illuminate\\Container\\BoundMethod::callBoundMethod(Object(Laravel\\Lumen\\Application), Array, Object(Closure))
#21 C:\\xampp\\htdocs\\matrimonial\\vendor\\illuminate\\container\\Container.php(653): Illuminate\\Container\\BoundMethod::call(Object(Laravel\\Lumen\\Application), Array, Array, NULL)
#22 C:\\xampp\\htdocs\\matrimonial\\vendor\\laravel\\lumen-framework\\src\\Concerns\\RoutesRequests.php(389): Illuminate\\Container\\Container->call(Array, Array)
#23 C:\\xampp\\htdocs\\matrimonial\\vendor\\laravel\\lumen-framework\\src\\Concerns\\RoutesRequests.php(355): Laravel\\Lumen\\Application->callControllerCallable(Array, Array)
#24 C:\\xampp\\htdocs\\matrimonial\\vendor\\laravel\\lumen-framework\\src\\Concerns\\RoutesRequests.php(329): Laravel\\Lumen\\Application->callLumenController(Object(App\\Http\\Controllers\\loginController), 'adminLogin', Array)
#25 C:\\xampp\\htdocs\\matrimonial\\vendor\\laravel\\lumen-framework\\src\\Concerns\\RoutesRequests.php(282): Laravel\\Lumen\\Application->callControllerAction(Array)
#26 C:\\xampp\\htdocs\\matrimonial\\vendor\\laravel\\lumen-framework\\src\\Concerns\\RoutesRequests.php(267): Laravel\\Lumen\\Application->callActionOnArrayBasedRoute(Array)
#27 C:\\xampp\\htdocs\\matrimonial\\vendor\\laravel\\lumen-framework\\src\\Concerns\\RoutesRequests.php(169): Laravel\\Lumen\\Application->handleFoundRoute(Array)
#28 C:\\xampp\\htdocs\\matrimonial\\vendor\\laravel\\lumen-framework\\src\\Routing\\Pipeline.php(48): Laravel\\Lumen\\Application->Laravel\\Lumen\\Concerns\\{closure}(Object(Laravel\\Lumen\\Http\\Request))
#29 C:\\xampp\\htdocs\\matrimonial\\app\\Http\\Middleware\\CorsMiddleware.php(28): Laravel\\Lumen\\Routing\\Pipeline->Laravel\\Lumen\\Routing\\{closure}(Object(Laravel\\Lumen\\Http\\Request))
#30 C:\\xampp\\htdocs\\matrimonial\\vendor\\illuminate\\pipeline\\Pipeline.php(167): App\\Http\\Middleware\\CorsMiddleware->handle(Object(Laravel\\Lumen\\Http\\Request), Object(Closure))
#31 C:\\xampp\\htdocs\\matrimonial\\vendor\\laravel\\lumen-framework\\src\\Routing\\Pipeline.php(30): Illuminate\\Pipeline\\Pipeline->Illuminate\\Pipeline\\{closure}(Object(Laravel\\Lumen\\Http\\Request))
#32 C:\\xampp\\htdocs\\matrimonial\\app\\Http\\Middleware\\ExampleMiddleware.php(18): Laravel\\Lumen\\Routing\\Pipeline->Laravel\\Lumen\\Routing\\{closure}(Object(Laravel\\Lumen\\Http\\Request))
#33 C:\\xampp\\htdocs\\matrimonial\\vendor\\illuminate\\pipeline\\Pipeline.php(167): App\\Http\\Middleware\\ExampleMiddleware->handle(Object(Laravel\\Lumen\\Http\\Request), Object(Closure))
#34 C:\\xampp\\htdocs\\matrimonial\\vendor\\laravel\\lumen-framework\\src\\Routing\\Pipeline.php(30): Illuminate\\Pipeline\\Pipeline->Illuminate\\Pipeline\\{closure}(Object(Laravel\\Lumen\\Http\\Request))
#35 C:\\xampp\\htdocs\\matrimonial\\vendor\\illuminate\\pipeline\\Pipeline.php(103): Laravel\\Lumen\\Routing\\Pipeline->Laravel\\Lumen\\Routing\\{closure}(Object(Laravel\\Lumen\\Http\\Request))
#36 C:\\xampp\\htdocs\\matrimonial\\vendor\\laravel\\lumen-framework\\src\\Concerns\\RoutesRequests.php(426): Illuminate\\Pipeline\\Pipeline->then(Object(Closure))
#37 C:\\xampp\\htdocs\\matrimonial\\vendor\\laravel\\lumen-framework\\src\\Concerns\\RoutesRequests.php(175): Laravel\\Lumen\\Application->sendThroughPipeline(Array, Object(Closure))
#38 C:\\xampp\\htdocs\\matrimonial\\vendor\\laravel\\lumen-framework\\src\\Concerns\\RoutesRequests.php(112): Laravel\\Lumen\\Application->dispatch(NULL)
#39 C:\\xampp\\htdocs\\matrimonial\\public\\index.php(28): Laravel\\Lumen\\Application->run()
#40 {main}
"} 
[2023-05-29 04:16:20] production.ERROR: SQLSTATE[HY000] [1045] Access denied for user 'forge'@'localhost' (using password: NO) (SQL: select * from `Admin` where `UserId` = Gyana@123) {"exception":"[object] (Illuminate\\Database\\QueryException(code: 1045): SQLSTATE[HY000] [1045] Access denied for user 'forge'@'localhost' (using password: NO) (SQL: select * from `Admin` where `UserId` = Gyana@123) at C:\\xampp\\htdocs\\matrimonial\\vendor\\illuminate\\database\\Connection.php:712)
[stacktrace]
#0 C:\\xampp\\htdocs\\matrimonial\\vendor\\illuminate\\database\\Connection.php(672): Illuminate\\Database\\Connection->runQueryCallback('select * from `...', Array, Object(Closure))
#1 C:\\xampp\\htdocs\\matrimonial\\vendor\\illuminate\\database\\Connection.php(376): Illuminate\\Database\\Connection->run('select * from `...', Array, Object(Closure))
#2 C:\\xampp\\htdocs\\matrimonial\\vendor\\illuminate\\database\\Query\\Builder.php(2414): Illuminate\\Database\\Connection->select('select * from `...', Array, true)
#3 C:\\xampp\\htdocs\\matrimonial\\vendor\\illuminate\\database\\Query\\Builder.php(2402): Illuminate\\Database\\Query\\Builder->runSelect()
#4 C:\\xampp\\htdocs\\matrimonial\\vendor\\illuminate\\database\\Query\\Builder.php(2936): Illuminate\\Database\\Query\\Builder->Illuminate\\Database\\Query\\{closure}()
#5 C:\\xampp\\htdocs\\matrimonial\\vendor\\illuminate\\database\\Query\\Builder.php(2403): Illuminate\\Database\\Query\\Builder->onceWithColumns(Array, Object(Closure))
#6 C:\\xampp\\htdocs\\matrimonial\\app\\Http\\Controllers\\loginController.php(20): Illuminate\\Database\\Query\\Builder->get()
#7 C:\\xampp\\htdocs\\matrimonial\\vendor\\illuminate\\container\\BoundMethod.php(36): App\\Http\\Controllers\\loginController->adminLogin()
#8 C:\\xampp\\htdocs\\matrimonial\\vendor\\illuminate\\container\\Util.php(40): Illuminate\\Container\\BoundMethod::Illuminate\\Container\\{closure}()
#9 C:\\xampp\\htdocs\\matrimonial\\vendor\\illuminate\\container\\BoundMethod.php(93): Illuminate\\Container\\Util::unwrapIfClosure(Object(Closure))
#10 C:\\xampp\\htdocs\\matrimonial\\vendor\\illuminate\\container\\BoundMethod.php(37): Illuminate\\Container\\BoundMethod::callBoundMethod(Object(Laravel\\Lumen\\Application), Array, Object(Closure))
#11 C:\\xampp\\htdocs\\matrimonial\\vendor\\illuminate\\container\\Container.php(653): Illuminate\\Container\\BoundMethod::call(Object(Laravel\\Lumen\\Application), Array, Array, NULL)
#12 C:\\xampp\\htdocs\\matrimonial\\vendor\\laravel\\lumen-framework\\src\\Concerns\\RoutesRequests.php(389): Illuminate\\Container\\Container->call(Array, Array)
#13 C:\\xampp\\htdocs\\matrimonial\\vendor\\laravel\\lumen-framework\\src\\Concerns\\RoutesRequests.php(355): Laravel\\Lumen\\Application->callControllerCallable(Array, Array)
#14 C:\\xampp\\htdocs\\matrimonial\\vendor\\laravel\\lumen-framework\\src\\Concerns\\RoutesRequests.php(329): Laravel\\Lumen\\Application->callLumenController(Object(App\\Http\\Controllers\\loginController), 'adminLogin', Array)
#15 C:\\xampp\\htdocs\\matrimonial\\vendor\\laravel\\lumen-framework\\src\\Concerns\\RoutesRequests.php(282): Laravel\\Lumen\\Application->callControllerAction(Array)
#16 C:\\xampp\\htdocs\\matrimonial\\vendor\\laravel\\lumen-framework\\src\\Concerns\\RoutesRequests.php(267): Laravel\\Lumen\\Application->callActionOnArrayBasedRoute(Array)
#17 C:\\xampp\\htdocs\\matrimonial\\vendor\\laravel\\lumen-framework\\src\\Concerns\\RoutesRequests.php(169): Laravel\\Lumen\\Application->handleFoundRoute(Array)
#18 C:\\xampp\\htdocs\\matrimonial\\vendor\\laravel\\lumen-framework\\src\\Routing\\Pipeline.php(48): Laravel\\Lumen\\Application->Laravel\\Lumen\\Concerns\\{closure}(Object(Laravel\\Lumen\\Http\\Request))
#19 C:\\xampp\\htdocs\\matrimonial\\app\\Http\\Middleware\\CorsMiddleware.php(28): Laravel\\Lumen\\Routing\\Pipeline->Laravel\\Lumen\\Routing\\{closure}(Object(Laravel\\Lumen\\Http\\Request))
#20 C:\\xampp\\htdocs\\matrimonial\\vendor\\illuminate\\pipeline\\Pipeline.php(167): App\\Http\\Middleware\\CorsMiddleware->handle(Object(Laravel\\Lumen\\Http\\Request), Object(Closure))
#21 C:\\xampp\\htdocs\\matrimonial\\vendor\\laravel\\lumen-framework\\src\\Routing\\Pipeline.php(30): Illuminate\\Pipeline\\Pipeline->Illuminate\\Pipeline\\{closure}(Object(Laravel\\Lumen\\Http\\Request))
#22 C:\\xampp\\htdocs\\matrimonial\\app\\Http\\Middleware\\ExampleMiddleware.php(18): Laravel\\Lumen\\Routing\\Pipeline->Laravel\\Lumen\\Routing\\{closure}(Object(Laravel\\Lumen\\Http\\Request))
#23 C:\\xampp\\htdocs\\matrimonial\\vendor\\illuminate\\pipeline\\Pipeline.php(167): App\\Http\\Middleware\\ExampleMiddleware->handle(Object(Laravel\\Lumen\\Http\\Request), Object(Closure))
#24 C:\\xampp\\htdocs\\matrimonial\\vendor\\laravel\\lumen-framework\\src\\Routing\\Pipeline.php(30): Illuminate\\Pipeline\\Pipeline->Illuminate\\Pipeline\\{closure}(Object(Laravel\\Lumen\\Http\\Request))
#25 C:\\xampp\\htdocs\\matrimonial\\vendor\\illuminate\\pipeline\\Pipeline.php(103): Laravel\\Lumen\\Routing\\Pipeline->Laravel\\Lumen\\Routing\\{closure}(Object(Laravel\\Lumen\\Http\\Request))
#26 C:\\xampp\\htdocs\\matrimonial\\vendor\\laravel\\lumen-framework\\src\\Concerns\\RoutesRequests.php(426): Illuminate\\Pipeline\\Pipeline->then(Object(Closure))
#27 C:\\xampp\\htdocs\\matrimonial\\vendor\\laravel\\lumen-framework\\src\\Concerns\\RoutesRequests.php(175): Laravel\\Lumen\\Application->sendThroughPipeline(Array, Object(Closure))
#28 C:\\xampp\\htdocs\\matrimonial\\vendor\\laravel\\lumen-framework\\src\\Concerns\\RoutesRequests.php(112): Laravel\\Lumen\\Application->dispatch(NULL)
#29 C:\\xampp\\htdocs\\matrimonial\\public\\index.php(28): Laravel\\Lumen\\Application->run()
#30 {main}

[previous exception] [object] (PDOException(code: 1045): SQLSTATE[HY000] [1045] Access denied for user 'forge'@'localhost' (using password: NO) at C:\\xampp\\htdocs\\matrimonial\\vendor\\illuminate\\database\\Connectors\\Connector.php:70)
[stacktrace]
#0 C:\\xampp\\htdocs\\matrimonial\\vendor\\illuminate\\database\\Connectors\\Connector.php(70): PDO->__construct('mysql:host=127....', 'forge', '', Array)
#1 C:\\xampp\\htdocs\\matrimonial\\vendor\\illuminate\\database\\Connectors\\Connector.php(46): Illuminate\\Database\\Connectors\\Connector->createPdoConnection('mysql:host=127....', 'forge', '', Array)
#2 C:\\xampp\\htdocs\\matrimonial\\vendor\\illuminate\\database\\Connectors\\MySqlConnector.php(24): Illuminate\\Database\\Connectors\\Connector->createConnection('mysql:host=127....', Array, Array)
#3 C:\\xampp\\htdocs\\matrimonial\\vendor\\illuminate\\database\\Connectors\\ConnectionFactory.php(184): Illuminate\\Database\\Connectors\\MySqlConnector->connect(Array)
#4 [internal function]: Illuminate\\Database\\Connectors\\ConnectionFactory->Illuminate\\Database\\Connectors\\{closure}()
#5 C:\\xampp\\htdocs\\matrimonial\\vendor\\illuminate\\database\\Connection.php(1064): call_user_func(Object(Closure))
#6 C:\\xampp\\htdocs\\matrimonial\\vendor\\illuminate\\database\\Connection.php(1100): Illuminate\\Database\\Connection->getPdo()
#7 C:\\xampp\\htdocs\\matrimonial\\vendor\\illuminate\\database\\Connection.php(442): Illuminate\\Database\\Connection->getReadPdo()
#8 C:\\xampp\\htdocs\\matrimonial\\vendor\\illuminate\\database\\Connection.php(368): Illuminate\\Database\\Connection->getPdoForSelect(true)
#9 C:\\xampp\\htdocs\\matrimonial\\vendor\\illuminate\\database\\Connection.php(705): Illuminate\\Database\\Connection->Illuminate\\Database\\{closure}('select * from `...', Array)
#10 C:\\xampp\\htdocs\\matrimonial\\vendor\\illuminate\\database\\Connection.php(672): Illuminate\\Database\\Connection->runQueryCallback('select * from `...', Array, Object(Closure))
#11 C:\\xampp\\htdocs\\matrimonial\\vendor\\illuminate\\database\\Connection.php(376): Illuminate\\Database\\Connection->run('select * from `...', Array, Object(Closure))
#12 C:\\xampp\\htdocs\\matrimonial\\vendor\\illuminate\\database\\Query\\Builder.php(2414): Illuminate\\Database\\Connection->select('select * from `...', Array, true)
#13 C:\\xampp\\htdocs\\matrimonial\\vendor\\illuminate\\database\\Query\\Builder.php(2402): Illuminate\\Database\\Query\\Builder->runSelect()
#14 C:\\xampp\\htdocs\\matrimonial\\vendor\\illuminate\\database\\Query\\Builder.php(2936): Illuminate\\Database\\Query\\Builder->Illuminate\\Database\\Query\\{closure}()
#15 C:\\xampp\\htdocs\\matrimonial\\vendor\\illuminate\\database\\Query\\Builder.php(2403): Illuminate\\Database\\Query\\Builder->onceWithColumns(Array, Object(Closure))
#16 C:\\xampp\\htdocs\\matrimonial\\app\\Http\\Controllers\\loginController.php(20): Illuminate\\Database\\Query\\Builder->get()
#17 C:\\xampp\\htdocs\\matrimonial\\vendor\\illuminate\\container\\BoundMethod.php(36): App\\Http\\Controllers\\loginController->adminLogin()
#18 C:\\xampp\\htdocs\\matrimonial\\vendor\\illuminate\\container\\Util.php(40): Illuminate\\Container\\BoundMethod::Illuminate\\Container\\{closure}()
#19 C:\\xampp\\htdocs\\matrimonial\\vendor\\illuminate\\container\\BoundMethod.php(93): Illuminate\\Container\\Util::unwrapIfClosure(Object(Closure))
#20 C:\\xampp\\htdocs\\matrimonial\\vendor\\illuminate\\container\\BoundMethod.php(37): Illuminate\\Container\\BoundMethod::callBoundMethod(Object(Laravel\\Lumen\\Application), Array, Object(Closure))
#21 C:\\xampp\\htdocs\\matrimonial\\vendor\\illuminate\\container\\Container.php(653): Illuminate\\Container\\BoundMethod::call(Object(Laravel\\Lumen\\Application), Array, Array, NULL)
#22 C:\\xampp\\htdocs\\matrimonial\\vendor\\laravel\\lumen-framework\\src\\Concerns\\RoutesRequests.php(389): Illuminate\\Container\\Container->call(Array, Array)
#23 C:\\xampp\\htdocs\\matrimonial\\vendor\\laravel\\lumen-framework\\src\\Concerns\\RoutesRequests.php(355): Laravel\\Lumen\\Application->callControllerCallable(Array, Array)
#24 C:\\xampp\\htdocs\\matrimonial\\vendor\\laravel\\lumen-framework\\src\\Concerns\\RoutesRequests.php(329): Laravel\\Lumen\\Application->callLumenController(Object(App\\Http\\Controllers\\loginController), 'adminLogin', Array)
#25 C:\\xampp\\htdocs\\matrimonial\\vendor\\laravel\\lumen-framework\\src\\Concerns\\RoutesRequests.php(282): Laravel\\Lumen\\Application->callControllerAction(Array)
#26 C:\\xampp\\htdocs\\matrimonial\\vendor\\laravel\\lumen-framework\\src\\Concerns\\RoutesRequests.php(267): Laravel\\Lumen\\Application->callActionOnArrayBasedRoute(Array)
#27 C:\\xampp\\htdocs\\matrimonial\\vendor\\laravel\\lumen-framework\\src\\Concerns\\RoutesRequests.php(169): Laravel\\Lumen\\Application->handleFoundRoute(Array)
#28 C:\\xampp\\htdocs\\matrimonial\\vendor\\laravel\\lumen-framework\\src\\Routing\\Pipeline.php(48): Laravel\\Lumen\\Application->Laravel\\Lumen\\Concerns\\{closure}(Object(Laravel\\Lumen\\Http\\Request))
#29 C:\\xampp\\htdocs\\matrimonial\\app\\Http\\Middleware\\CorsMiddleware.php(28): Laravel\\Lumen\\Routing\\Pipeline->Laravel\\Lumen\\Routing\\{closure}(Object(Laravel\\Lumen\\Http\\Request))
#30 C:\\xampp\\htdocs\\matrimonial\\vendor\\illuminate\\pipeline\\Pipeline.php(167): App\\Http\\Middleware\\CorsMiddleware->handle(Object(Laravel\\Lumen\\Http\\Request), Object(Closure))
#31 C:\\xampp\\htdocs\\matrimonial\\vendor\\laravel\\lumen-framework\\src\\Routing\\Pipeline.php(30): Illuminate\\Pipeline\\Pipeline->Illuminate\\Pipeline\\{closure}(Object(Laravel\\Lumen\\Http\\Request))
#32 C:\\xampp\\htdocs\\matrimonial\\app\\Http\\Middleware\\ExampleMiddleware.php(18): Laravel\\Lumen\\Routing\\Pipeline->Laravel\\Lumen\\Routing\\{closure}(Object(Laravel\\Lumen\\Http\\Request))
#33 C:\\xampp\\htdocs\\matrimonial\\vendor\\illuminate\\pipeline\\Pipeline.php(167): App\\Http\\Middleware\\ExampleMiddleware->handle(Object(Laravel\\Lumen\\Http\\Request), Object(Closure))
#34 C:\\xampp\\htdocs\\matrimonial\\vendor\\laravel\\lumen-framework\\src\\Routing\\Pipeline.php(30): Illuminate\\Pipeline\\Pipeline->Illuminate\\Pipeline\\{closure}(Object(Laravel\\Lumen\\Http\\Request))
#35 C:\\xampp\\htdocs\\matrimonial\\vendor\\illuminate\\pipeline\\Pipeline.php(103): Laravel\\Lumen\\Routing\\Pipeline->Laravel\\Lumen\\Routing\\{closure}(Object(Laravel\\Lumen\\Http\\Request))
#36 C:\\xampp\\htdocs\\matrimonial\\vendor\\laravel\\lumen-framework\\src\\Concerns\\RoutesRequests.php(426): Illuminate\\Pipeline\\Pipeline->then(Object(Closure))
#37 C:\\xampp\\htdocs\\matrimonial\\vendor\\laravel\\lumen-framework\\src\\Concerns\\RoutesRequests.php(175): Laravel\\Lumen\\Application->sendThroughPipeline(Array, Object(Closure))
#38 C:\\xampp\\htdocs\\matrimonial\\vendor\\laravel\\lumen-framework\\src\\Concerns\\RoutesRequests.php(112): Laravel\\Lumen\\Application->dispatch(NULL)
#39 C:\\xampp\\htdocs\\matrimonial\\public\\index.php(28): Laravel\\Lumen\\Application->run()
#40 {main}
"} 
[2023-05-29 04:16:34] production.ERROR: SQLSTATE[HY000] [1045] Access denied for user 'forge'@'localhost' (using password: NO) (SQL: select * from `Admin` where `UserId` = Gyana@123) {"exception":"[object] (Illuminate\\Database\\QueryException(code: 1045): SQLSTATE[HY000] [1045] Access denied for user 'forge'@'localhost' (using password: NO) (SQL: select * from `Admin` where `UserId` = Gyana@123) at C:\\xampp\\htdocs\\matrimonial\\vendor\\illuminate\\database\\Connection.php:712)
[stacktrace]
#0 C:\\xampp\\htdocs\\matrimonial\\vendor\\illuminate\\database\\Connection.php(672): Illuminate\\Database\\Connection->runQueryCallback('select * from `...', Array, Object(Closure))
#1 C:\\xampp\\htdocs\\matrimonial\\vendor\\illuminate\\database\\Connection.php(376): Illuminate\\Database\\Connection->run('select * from `...', Array, Object(Closure))
#2 C:\\xampp\\htdocs\\matrimonial\\vendor\\illuminate\\database\\Query\\Builder.php(2414): Illuminate\\Database\\Connection->select('select * from `...', Array, true)
#3 C:\\xampp\\htdocs\\matrimonial\\vendor\\illuminate\\database\\Query\\Builder.php(2402): Illuminate\\Database\\Query\\Builder->runSelect()
#4 C:\\xampp\\htdocs\\matrimonial\\vendor\\illuminate\\database\\Query\\Builder.php(2936): Illuminate\\Database\\Query\\Builder->Illuminate\\Database\\Query\\{closure}()
#5 C:\\xampp\\htdocs\\matrimonial\\vendor\\illuminate\\database\\Query\\Builder.php(2403): Illuminate\\Database\\Query\\Builder->onceWithColumns(Array, Object(Closure))
#6 C:\\xampp\\htdocs\\matrimonial\\app\\Http\\Controllers\\loginController.php(20): Illuminate\\Database\\Query\\Builder->get()
#7 C:\\xampp\\htdocs\\matrimonial\\vendor\\illuminate\\container\\BoundMethod.php(36): App\\Http\\Controllers\\loginController->adminLogin()
#8 C:\\xampp\\htdocs\\matrimonial\\vendor\\illuminate\\container\\Util.php(40): Illuminate\\Container\\BoundMethod::Illuminate\\Container\\{closure}()
#9 C:\\xampp\\htdocs\\matrimonial\\vendor\\illuminate\\container\\BoundMethod.php(93): Illuminate\\Container\\Util::unwrapIfClosure(Object(Closure))
#10 C:\\xampp\\htdocs\\matrimonial\\vendor\\illuminate\\container\\BoundMethod.php(37): Illuminate\\Container\\BoundMethod::callBoundMethod(Object(Laravel\\Lumen\\Application), Array, Object(Closure))
#11 C:\\xampp\\htdocs\\matrimonial\\vendor\\illuminate\\container\\Container.php(653): Illuminate\\Container\\BoundMethod::call(Object(Laravel\\Lumen\\Application), Array, Array, NULL)
#12 C:\\xampp\\htdocs\\matrimonial\\vendor\\laravel\\lumen-framework\\src\\Concerns\\RoutesRequests.php(389): Illuminate\\Container\\Container->call(Array, Array)
#13 C:\\xampp\\htdocs\\matrimonial\\vendor\\laravel\\lumen-framework\\src\\Concerns\\RoutesRequests.php(355): Laravel\\Lumen\\Application->callControllerCallable(Array, Array)
#14 C:\\xampp\\htdocs\\matrimonial\\vendor\\laravel\\lumen-framework\\src\\Concerns\\RoutesRequests.php(329): Laravel\\Lumen\\Application->callLumenController(Object(App\\Http\\Controllers\\loginController), 'adminLogin', Array)
#15 C:\\xampp\\htdocs\\matrimonial\\vendor\\laravel\\lumen-framework\\src\\Concerns\\RoutesRequests.php(282): Laravel\\Lumen\\Application->callControllerAction(Array)
#16 C:\\xampp\\htdocs\\matrimonial\\vendor\\laravel\\lumen-framework\\src\\Concerns\\RoutesRequests.php(267): Laravel\\Lumen\\Application->callActionOnArrayBasedRoute(Array)
#17 C:\\xampp\\htdocs\\matrimonial\\vendor\\laravel\\lumen-framework\\src\\Concerns\\RoutesRequests.php(169): Laravel\\Lumen\\Application->handleFoundRoute(Array)
#18 C:\\xampp\\htdocs\\matrimonial\\vendor\\laravel\\lumen-framework\\src\\Routing\\Pipeline.php(48): Laravel\\Lumen\\Application->Laravel\\Lumen\\Concerns\\{closure}(Object(Laravel\\Lumen\\Http\\Request))
#19 C:\\xampp\\htdocs\\matrimonial\\app\\Http\\Middleware\\CorsMiddleware.php(28): Laravel\\Lumen\\Routing\\Pipeline->Laravel\\Lumen\\Routing\\{closure}(Object(Laravel\\Lumen\\Http\\Request))
#20 C:\\xampp\\htdocs\\matrimonial\\vendor\\illuminate\\pipeline\\Pipeline.php(167): App\\Http\\Middleware\\CorsMiddleware->handle(Object(Laravel\\Lumen\\Http\\Request), Object(Closure))
#21 C:\\xampp\\htdocs\\matrimonial\\vendor\\laravel\\lumen-framework\\src\\Routing\\Pipeline.php(30): Illuminate\\Pipeline\\Pipeline->Illuminate\\Pipeline\\{closure}(Object(Laravel\\Lumen\\Http\\Request))
#22 C:\\xampp\\htdocs\\matrimonial\\app\\Http\\Middleware\\ExampleMiddleware.php(18): Laravel\\Lumen\\Routing\\Pipeline->Laravel\\Lumen\\Routing\\{closure}(Object(Laravel\\Lumen\\Http\\Request))
#23 C:\\xampp\\htdocs\\matrimonial\\vendor\\illuminate\\pipeline\\Pipeline.php(167): App\\Http\\Middleware\\ExampleMiddleware->handle(Object(Laravel\\Lumen\\Http\\Request), Object(Closure))
#24 C:\\xampp\\htdocs\\matrimonial\\vendor\\laravel\\lumen-framework\\src\\Routing\\Pipeline.php(30): Illuminate\\Pipeline\\Pipeline->Illuminate\\Pipeline\\{closure}(Object(Laravel\\Lumen\\Http\\Request))
#25 C:\\xampp\\htdocs\\matrimonial\\vendor\\illuminate\\pipeline\\Pipeline.php(103): Laravel\\Lumen\\Routing\\Pipeline->Laravel\\Lumen\\Routing\\{closure}(Object(Laravel\\Lumen\\Http\\Request))
#26 C:\\xampp\\htdocs\\matrimonial\\vendor\\laravel\\lumen-framework\\src\\Concerns\\RoutesRequests.php(426): Illuminate\\Pipeline\\Pipeline->then(Object(Closure))
#27 C:\\xampp\\htdocs\\matrimonial\\vendor\\laravel\\lumen-framework\\src\\Concerns\\RoutesRequests.php(175): Laravel\\Lumen\\Application->sendThroughPipeline(Array, Object(Closure))
#28 C:\\xampp\\htdocs\\matrimonial\\vendor\\laravel\\lumen-framework\\src\\Concerns\\RoutesRequests.php(112): Laravel\\Lumen\\Application->dispatch(NULL)
#29 C:\\xampp\\htdocs\\matrimonial\\public\\index.php(28): Laravel\\Lumen\\Application->run()
#30 {main}

[previous exception] [object] (PDOException(code: 1045): SQLSTATE[HY000] [1045] Access denied for user 'forge'@'localhost' (using password: NO) at C:\\xampp\\htdocs\\matrimonial\\vendor\\illuminate\\database\\Connectors\\Connector.php:70)
[stacktrace]
#0 C:\\xampp\\htdocs\\matrimonial\\vendor\\illuminate\\database\\Connectors\\Connector.php(70): PDO->__construct('mysql:host=127....', 'forge', '', Array)
#1 C:\\xampp\\htdocs\\matrimonial\\vendor\\illuminate\\database\\Connectors\\Connector.php(46): Illuminate\\Database\\Connectors\\Connector->createPdoConnection('mysql:host=127....', 'forge', '', Array)
#2 C:\\xampp\\htdocs\\matrimonial\\vendor\\illuminate\\database\\Connectors\\MySqlConnector.php(24): Illuminate\\Database\\Connectors\\Connector->createConnection('mysql:host=127....', Array, Array)
#3 C:\\xampp\\htdocs\\matrimonial\\vendor\\illuminate\\database\\Connectors\\ConnectionFactory.php(184): Illuminate\\Database\\Connectors\\MySqlConnector->connect(Array)
#4 [internal function]: Illuminate\\Database\\Connectors\\ConnectionFactory->Illuminate\\Database\\Connectors\\{closure}()
#5 C:\\xampp\\htdocs\\matrimonial\\vendor\\illuminate\\database\\Connection.php(1064): call_user_func(Object(Closure))
#6 C:\\xampp\\htdocs\\matrimonial\\vendor\\illuminate\\database\\Connection.php(1100): Illuminate\\Database\\Connection->getPdo()
#7 C:\\xampp\\htdocs\\matrimonial\\vendor\\illuminate\\database\\Connection.php(442): Illuminate\\Database\\Connection->getReadPdo()
#8 C:\\xampp\\htdocs\\matrimonial\\vendor\\illuminate\\database\\Connection.php(368): Illuminate\\Database\\Connection->getPdoForSelect(true)
#9 C:\\xampp\\htdocs\\matrimonial\\vendor\\illuminate\\database\\Connection.php(705): Illuminate\\Database\\Connection->Illuminate\\Database\\{closure}('select * from `...', Array)
#10 C:\\xampp\\htdocs\\matrimonial\\vendor\\illuminate\\database\\Connection.php(672): Illuminate\\Database\\Connection->runQueryCallback('select * from `...', Array, Object(Closure))
#11 C:\\xampp\\htdocs\\matrimonial\\vendor\\illuminate\\database\\Connection.php(376): Illuminate\\Database\\Connection->run('select * from `...', Array, Object(Closure))
#12 C:\\xampp\\htdocs\\matrimonial\\vendor\\illuminate\\database\\Query\\Builder.php(2414): Illuminate\\Database\\Connection->select('select * from `...', Array, true)
#13 C:\\xampp\\htdocs\\matrimonial\\vendor\\illuminate\\database\\Query\\Builder.php(2402): Illuminate\\Database\\Query\\Builder->runSelect()
#14 C:\\xampp\\htdocs\\matrimonial\\vendor\\illuminate\\database\\Query\\Builder.php(2936): Illuminate\\Database\\Query\\Builder->Illuminate\\Database\\Query\\{closure}()
#15 C:\\xampp\\htdocs\\matrimonial\\vendor\\illuminate\\database\\Query\\Builder.php(2403): Illuminate\\Database\\Query\\Builder->onceWithColumns(Array, Object(Closure))
#16 C:\\xampp\\htdocs\\matrimonial\\app\\Http\\Controllers\\loginController.php(20): Illuminate\\Database\\Query\\Builder->get()
#17 C:\\xampp\\htdocs\\matrimonial\\vendor\\illuminate\\container\\BoundMethod.php(36): App\\Http\\Controllers\\loginController->adminLogin()
#18 C:\\xampp\\htdocs\\matrimonial\\vendor\\illuminate\\container\\Util.php(40): Illuminate\\Container\\BoundMethod::Illuminate\\Container\\{closure}()
#19 C:\\xampp\\htdocs\\matrimonial\\vendor\\illuminate\\container\\BoundMethod.php(93): Illuminate\\Container\\Util::unwrapIfClosure(Object(Closure))
#20 C:\\xampp\\htdocs\\matrimonial\\vendor\\illuminate\\container\\BoundMethod.php(37): Illuminate\\Container\\BoundMethod::callBoundMethod(Object(Laravel\\Lumen\\Application), Array, Object(Closure))
#21 C:\\xampp\\htdocs\\matrimonial\\vendor\\illuminate\\container\\Container.php(653): Illuminate\\Container\\BoundMethod::call(Object(Laravel\\Lumen\\Application), Array, Array, NULL)
#22 C:\\xampp\\htdocs\\matrimonial\\vendor\\laravel\\lumen-framework\\src\\Concerns\\RoutesRequests.php(389): Illuminate\\Container\\Container->call(Array, Array)
#23 C:\\xampp\\htdocs\\matrimonial\\vendor\\laravel\\lumen-framework\\src\\Concerns\\RoutesRequests.php(355): Laravel\\Lumen\\Application->callControllerCallable(Array, Array)
#24 C:\\xampp\\htdocs\\matrimonial\\vendor\\laravel\\lumen-framework\\src\\Concerns\\RoutesRequests.php(329): Laravel\\Lumen\\Application->callLumenController(Object(App\\Http\\Controllers\\loginController), 'adminLogin', Array)
#25 C:\\xampp\\htdocs\\matrimonial\\vendor\\laravel\\lumen-framework\\src\\Concerns\\RoutesRequests.php(282): Laravel\\Lumen\\Application->callControllerAction(Array)
#26 C:\\xampp\\htdocs\\matrimonial\\vendor\\laravel\\lumen-framework\\src\\Concerns\\RoutesRequests.php(267): Laravel\\Lumen\\Application->callActionOnArrayBasedRoute(Array)
#27 C:\\xampp\\htdocs\\matrimonial\\vendor\\laravel\\lumen-framework\\src\\Concerns\\RoutesRequests.php(169): Laravel\\Lumen\\Application->handleFoundRoute(Array)
#28 C:\\xampp\\htdocs\\matrimonial\\vendor\\laravel\\lumen-framework\\src\\Routing\\Pipeline.php(48): Laravel\\Lumen\\Application->Laravel\\Lumen\\Concerns\\{closure}(Object(Laravel\\Lumen\\Http\\Request))
#29 C:\\xampp\\htdocs\\matrimonial\\app\\Http\\Middleware\\CorsMiddleware.php(28): Laravel\\Lumen\\Routing\\Pipeline->Laravel\\Lumen\\Routing\\{closure}(Object(Laravel\\Lumen\\Http\\Request))
#30 C:\\xampp\\htdocs\\matrimonial\\vendor\\illuminate\\pipeline\\Pipeline.php(167): App\\Http\\Middleware\\CorsMiddleware->handle(Object(Laravel\\Lumen\\Http\\Request), Object(Closure))
#31 C:\\xampp\\htdocs\\matrimonial\\vendor\\laravel\\lumen-framework\\src\\Routing\\Pipeline.php(30): Illuminate\\Pipeline\\Pipeline->Illuminate\\Pipeline\\{closure}(Object(Laravel\\Lumen\\Http\\Request))
#32 C:\\xampp\\htdocs\\matrimonial\\app\\Http\\Middleware\\ExampleMiddleware.php(18): Laravel\\Lumen\\Routing\\Pipeline->Laravel\\Lumen\\Routing\\{closure}(Object(Laravel\\Lumen\\Http\\Request))
#33 C:\\xampp\\htdocs\\matrimonial\\vendor\\illuminate\\pipeline\\Pipeline.php(167): App\\Http\\Middleware\\ExampleMiddleware->handle(Object(Laravel\\Lumen\\Http\\Request), Object(Closure))
#34 C:\\xampp\\htdocs\\matrimonial\\vendor\\laravel\\lumen-framework\\src\\Routing\\Pipeline.php(30): Illuminate\\Pipeline\\Pipeline->Illuminate\\Pipeline\\{closure}(Object(Laravel\\Lumen\\Http\\Request))
#35 C:\\xampp\\htdocs\\matrimonial\\vendor\\illuminate\\pipeline\\Pipeline.php(103): Laravel\\Lumen\\Routing\\Pipeline->Laravel\\Lumen\\Routing\\{closure}(Object(Laravel\\Lumen\\Http\\Request))
#36 C:\\xampp\\htdocs\\matrimonial\\vendor\\laravel\\lumen-framework\\src\\Concerns\\RoutesRequests.php(426): Illuminate\\Pipeline\\Pipeline->then(Object(Closure))
#37 C:\\xampp\\htdocs\\matrimonial\\vendor\\laravel\\lumen-framework\\src\\Concerns\\RoutesRequests.php(175): Laravel\\Lumen\\Application->sendThroughPipeline(Array, Object(Closure))
#38 C:\\xampp\\htdocs\\matrimonial\\vendor\\laravel\\lumen-framework\\src\\Concerns\\RoutesRequests.php(112): Laravel\\Lumen\\Application->dispatch(NULL)
#39 C:\\xampp\\htdocs\\matrimonial\\public\\index.php(28): Laravel\\Lumen\\Application->run()
#40 {main}
"} 
[2023-05-29 04:20:30] production.ERROR: SQLSTATE[HY000] [1045] Access denied for user 'forge'@'localhost' (using password: NO) (SQL: select * from `Admin` where `UserId` = Gyana@123) {"exception":"[object] (Illuminate\\Database\\QueryException(code: 1045): SQLSTATE[HY000] [1045] Access denied for user 'forge'@'localhost' (using password: NO) (SQL: select * from `Admin` where `UserId` = Gyana@123) at C:\\xampp\\htdocs\\matrimonial\\vendor\\illuminate\\database\\Connection.php:712)
[stacktrace]
#0 C:\\xampp\\htdocs\\matrimonial\\vendor\\illuminate\\database\\Connection.php(672): Illuminate\\Database\\Connection->runQueryCallback('select * from `...', Array, Object(Closure))
#1 C:\\xampp\\htdocs\\matrimonial\\vendor\\illuminate\\database\\Connection.php(376): Illuminate\\Database\\Connection->run('select * from `...', Array, Object(Closure))
#2 C:\\xampp\\htdocs\\matrimonial\\vendor\\illuminate\\database\\Query\\Builder.php(2414): Illuminate\\Database\\Connection->select('select * from `...', Array, true)
#3 C:\\xampp\\htdocs\\matrimonial\\vendor\\illuminate\\database\\Query\\Builder.php(2402): Illuminate\\Database\\Query\\Builder->runSelect()
#4 C:\\xampp\\htdocs\\matrimonial\\vendor\\illuminate\\database\\Query\\Builder.php(2936): Illuminate\\Database\\Query\\Builder->Illuminate\\Database\\Query\\{closure}()
#5 C:\\xampp\\htdocs\\matrimonial\\vendor\\illuminate\\database\\Query\\Builder.php(2403): Illuminate\\Database\\Query\\Builder->onceWithColumns(Array, Object(Closure))
#6 C:\\xampp\\htdocs\\matrimonial\\app\\Http\\Controllers\\loginController.php(20): Illuminate\\Database\\Query\\Builder->get()
#7 C:\\xampp\\htdocs\\matrimonial\\vendor\\illuminate\\container\\BoundMethod.php(36): App\\Http\\Controllers\\loginController->adminLogin()
#8 C:\\xampp\\htdocs\\matrimonial\\vendor\\illuminate\\container\\Util.php(40): Illuminate\\Container\\BoundMethod::Illuminate\\Container\\{closure}()
#9 C:\\xampp\\htdocs\\matrimonial\\vendor\\illuminate\\container\\BoundMethod.php(93): Illuminate\\Container\\Util::unwrapIfClosure(Object(Closure))
#10 C:\\xampp\\htdocs\\matrimonial\\vendor\\illuminate\\container\\BoundMethod.php(37): Illuminate\\Container\\BoundMethod::callBoundMethod(Object(Laravel\\Lumen\\Application), Array, Object(Closure))
#11 C:\\xampp\\htdocs\\matrimonial\\vendor\\illuminate\\container\\Container.php(653): Illuminate\\Container\\BoundMethod::call(Object(Laravel\\Lumen\\Application), Array, Array, NULL)
#12 C:\\xampp\\htdocs\\matrimonial\\vendor\\laravel\\lumen-framework\\src\\Concerns\\RoutesRequests.php(389): Illuminate\\Container\\Container->call(Array, Array)
#13 C:\\xampp\\htdocs\\matrimonial\\vendor\\laravel\\lumen-framework\\src\\Concerns\\RoutesRequests.php(355): Laravel\\Lumen\\Application->callControllerCallable(Array, Array)
#14 C:\\xampp\\htdocs\\matrimonial\\vendor\\laravel\\lumen-framework\\src\\Concerns\\RoutesRequests.php(329): Laravel\\Lumen\\Application->callLumenController(Object(App\\Http\\Controllers\\loginController), 'adminLogin', Array)
#15 C:\\xampp\\htdocs\\matrimonial\\vendor\\laravel\\lumen-framework\\src\\Concerns\\RoutesRequests.php(282): Laravel\\Lumen\\Application->callControllerAction(Array)
#16 C:\\xampp\\htdocs\\matrimonial\\vendor\\laravel\\lumen-framework\\src\\Concerns\\RoutesRequests.php(267): Laravel\\Lumen\\Application->callActionOnArrayBasedRoute(Array)
#17 C:\\xampp\\htdocs\\matrimonial\\vendor\\laravel\\lumen-framework\\src\\Concerns\\RoutesRequests.php(169): Laravel\\Lumen\\Application->handleFoundRoute(Array)
#18 C:\\xampp\\htdocs\\matrimonial\\vendor\\laravel\\lumen-framework\\src\\Routing\\Pipeline.php(48): Laravel\\Lumen\\Application->Laravel\\Lumen\\Concerns\\{closure}(Object(Laravel\\Lumen\\Http\\Request))
#19 C:\\xampp\\htdocs\\matrimonial\\app\\Http\\Middleware\\CorsMiddleware.php(28): Laravel\\Lumen\\Routing\\Pipeline->Laravel\\Lumen\\Routing\\{closure}(Object(Laravel\\Lumen\\Http\\Request))
#20 C:\\xampp\\htdocs\\matrimonial\\vendor\\illuminate\\pipeline\\Pipeline.php(167): App\\Http\\Middleware\\CorsMiddleware->handle(Object(Laravel\\Lumen\\Http\\Request), Object(Closure))
#21 C:\\xampp\\htdocs\\matrimonial\\vendor\\laravel\\lumen-framework\\src\\Routing\\Pipeline.php(30): Illuminate\\Pipeline\\Pipeline->Illuminate\\Pipeline\\{closure}(Object(Laravel\\Lumen\\Http\\Request))
#22 C:\\xampp\\htdocs\\matrimonial\\app\\Http\\Middleware\\ExampleMiddleware.php(18): Laravel\\Lumen\\Routing\\Pipeline->Laravel\\Lumen\\Routing\\{closure}(Object(Laravel\\Lumen\\Http\\Request))
#23 C:\\xampp\\htdocs\\matrimonial\\vendor\\illuminate\\pipeline\\Pipeline.php(167): App\\Http\\Middleware\\ExampleMiddleware->handle(Object(Laravel\\Lumen\\Http\\Request), Object(Closure))
#24 C:\\xampp\\htdocs\\matrimonial\\vendor\\laravel\\lumen-framework\\src\\Routing\\Pipeline.php(30): Illuminate\\Pipeline\\Pipeline->Illuminate\\Pipeline\\{closure}(Object(Laravel\\Lumen\\Http\\Request))
#25 C:\\xampp\\htdocs\\matrimonial\\vendor\\illuminate\\pipeline\\Pipeline.php(103): Laravel\\Lumen\\Routing\\Pipeline->Laravel\\Lumen\\Routing\\{closure}(Object(Laravel\\Lumen\\Http\\Request))
#26 C:\\xampp\\htdocs\\matrimonial\\vendor\\laravel\\lumen-framework\\src\\Concerns\\RoutesRequests.php(426): Illuminate\\Pipeline\\Pipeline->then(Object(Closure))
#27 C:\\xampp\\htdocs\\matrimonial\\vendor\\laravel\\lumen-framework\\src\\Concerns\\RoutesRequests.php(175): Laravel\\Lumen\\Application->sendThroughPipeline(Array, Object(Closure))
#28 C:\\xampp\\htdocs\\matrimonial\\vendor\\laravel\\lumen-framework\\src\\Concerns\\RoutesRequests.php(112): Laravel\\Lumen\\Application->dispatch(NULL)
#29 C:\\xampp\\htdocs\\matrimonial\\public\\index.php(28): Laravel\\Lumen\\Application->run()
#30 {main}

[previous exception] [object] (PDOException(code: 1045): SQLSTATE[HY000] [1045] Access denied for user 'forge'@'localhost' (using password: NO) at C:\\xampp\\htdocs\\matrimonial\\vendor\\illuminate\\database\\Connectors\\Connector.php:70)
[stacktrace]
#0 C:\\xampp\\htdocs\\matrimonial\\vendor\\illuminate\\database\\Connectors\\Connector.php(70): PDO->__construct('mysql:host=127....', 'forge', '', Array)
#1 C:\\xampp\\htdocs\\matrimonial\\vendor\\illuminate\\database\\Connectors\\Connector.php(46): Illuminate\\Database\\Connectors\\Connector->createPdoConnection('mysql:host=127....', 'forge', '', Array)
#2 C:\\xampp\\htdocs\\matrimonial\\vendor\\illuminate\\database\\Connectors\\MySqlConnector.php(24): Illuminate\\Database\\Connectors\\Connector->createConnection('mysql:host=127....', Array, Array)
#3 C:\\xampp\\htdocs\\matrimonial\\vendor\\illuminate\\database\\Connectors\\ConnectionFactory.php(184): Illuminate\\Database\\Connectors\\MySqlConnector->connect(Array)
#4 [internal function]: Illuminate\\Database\\Connectors\\ConnectionFactory->Illuminate\\Database\\Connectors\\{closure}()
#5 C:\\xampp\\htdocs\\matrimonial\\vendor\\illuminate\\database\\Connection.php(1064): call_user_func(Object(Closure))
#6 C:\\xampp\\htdocs\\matrimonial\\vendor\\illuminate\\database\\Connection.php(1100): Illuminate\\Database\\Connection->getPdo()
#7 C:\\xampp\\htdocs\\matrimonial\\vendor\\illuminate\\database\\Connection.php(442): Illuminate\\Database\\Connection->getReadPdo()
#8 C:\\xampp\\htdocs\\matrimonial\\vendor\\illuminate\\database\\Connection.php(368): Illuminate\\Database\\Connection->getPdoForSelect(true)
#9 C:\\xampp\\htdocs\\matrimonial\\vendor\\illuminate\\database\\Connection.php(705): Illuminate\\Database\\Connection->Illuminate\\Database\\{closure}('select * from `...', Array)
#10 C:\\xampp\\htdocs\\matrimonial\\vendor\\illuminate\\database\\Connection.php(672): Illuminate\\Database\\Connection->runQueryCallback('select * from `...', Array, Object(Closure))
#11 C:\\xampp\\htdocs\\matrimonial\\vendor\\illuminate\\database\\Connection.php(376): Illuminate\\Database\\Connection->run('select * from `...', Array, Object(Closure))
#12 C:\\xampp\\htdocs\\matrimonial\\vendor\\illuminate\\database\\Query\\Builder.php(2414): Illuminate\\Database\\Connection->select('select * from `...', Array, true)
#13 C:\\xampp\\htdocs\\matrimonial\\vendor\\illuminate\\database\\Query\\Builder.php(2402): Illuminate\\Database\\Query\\Builder->runSelect()
#14 C:\\xampp\\htdocs\\matrimonial\\vendor\\illuminate\\database\\Query\\Builder.php(2936): Illuminate\\Database\\Query\\Builder->Illuminate\\Database\\Query\\{closure}()
#15 C:\\xampp\\htdocs\\matrimonial\\vendor\\illuminate\\database\\Query\\Builder.php(2403): Illuminate\\Database\\Query\\Builder->onceWithColumns(Array, Object(Closure))
#16 C:\\xampp\\htdocs\\matrimonial\\app\\Http\\Controllers\\loginController.php(20): Illuminate\\Database\\Query\\Builder->get()
#17 C:\\xampp\\htdocs\\matrimonial\\vendor\\illuminate\\container\\BoundMethod.php(36): App\\Http\\Controllers\\loginController->adminLogin()
#18 C:\\xampp\\htdocs\\matrimonial\\vendor\\illuminate\\container\\Util.php(40): Illuminate\\Container\\BoundMethod::Illuminate\\Container\\{closure}()
#19 C:\\xampp\\htdocs\\matrimonial\\vendor\\illuminate\\container\\BoundMethod.php(93): Illuminate\\Container\\Util::unwrapIfClosure(Object(Closure))
#20 C:\\xampp\\htdocs\\matrimonial\\vendor\\illuminate\\container\\BoundMethod.php(37): Illuminate\\Container\\BoundMethod::callBoundMethod(Object(Laravel\\Lumen\\Application), Array, Object(Closure))
#21 C:\\xampp\\htdocs\\matrimonial\\vendor\\illuminate\\container\\Container.php(653): Illuminate\\Container\\BoundMethod::call(Object(Laravel\\Lumen\\Application), Array, Array, NULL)
#22 C:\\xampp\\htdocs\\matrimonial\\vendor\\laravel\\lumen-framework\\src\\Concerns\\RoutesRequests.php(389): Illuminate\\Container\\Container->call(Array, Array)
#23 C:\\xampp\\htdocs\\matrimonial\\vendor\\laravel\\lumen-framework\\src\\Concerns\\RoutesRequests.php(355): Laravel\\Lumen\\Application->callControllerCallable(Array, Array)
#24 C:\\xampp\\htdocs\\matrimonial\\vendor\\laravel\\lumen-framework\\src\\Concerns\\RoutesRequests.php(329): Laravel\\Lumen\\Application->callLumenController(Object(App\\Http\\Controllers\\loginController), 'adminLogin', Array)
#25 C:\\xampp\\htdocs\\matrimonial\\vendor\\laravel\\lumen-framework\\src\\Concerns\\RoutesRequests.php(282): Laravel\\Lumen\\Application->callControllerAction(Array)
#26 C:\\xampp\\htdocs\\matrimonial\\vendor\\laravel\\lumen-framework\\src\\Concerns\\RoutesRequests.php(267): Laravel\\Lumen\\Application->callActionOnArrayBasedRoute(Array)
#27 C:\\xampp\\htdocs\\matrimonial\\vendor\\laravel\\lumen-framework\\src\\Concerns\\RoutesRequests.php(169): Laravel\\Lumen\\Application->handleFoundRoute(Array)
#28 C:\\xampp\\htdocs\\matrimonial\\vendor\\laravel\\lumen-framework\\src\\Routing\\Pipeline.php(48): Laravel\\Lumen\\Application->Laravel\\Lumen\\Concerns\\{closure}(Object(Laravel\\Lumen\\Http\\Request))
#29 C:\\xampp\\htdocs\\matrimonial\\app\\Http\\Middleware\\CorsMiddleware.php(28): Laravel\\Lumen\\Routing\\Pipeline->Laravel\\Lumen\\Routing\\{closure}(Object(Laravel\\Lumen\\Http\\Request))
#30 C:\\xampp\\htdocs\\matrimonial\\vendor\\illuminate\\pipeline\\Pipeline.php(167): App\\Http\\Middleware\\CorsMiddleware->handle(Object(Laravel\\Lumen\\Http\\Request), Object(Closure))
#31 C:\\xampp\\htdocs\\matrimonial\\vendor\\laravel\\lumen-framework\\src\\Routing\\Pipeline.php(30): Illuminate\\Pipeline\\Pipeline->Illuminate\\Pipeline\\{closure}(Object(Laravel\\Lumen\\Http\\Request))
#32 C:\\xampp\\htdocs\\matrimonial\\app\\Http\\Middleware\\ExampleMiddleware.php(18): Laravel\\Lumen\\Routing\\Pipeline->Laravel\\Lumen\\Routing\\{closure}(Object(Laravel\\Lumen\\Http\\Request))
#33 C:\\xampp\\htdocs\\matrimonial\\vendor\\illuminate\\pipeline\\Pipeline.php(167): App\\Http\\Middleware\\ExampleMiddleware->handle(Object(Laravel\\Lumen\\Http\\Request), Object(Closure))
#34 C:\\xampp\\htdocs\\matrimonial\\vendor\\laravel\\lumen-framework\\src\\Routing\\Pipeline.php(30): Illuminate\\Pipeline\\Pipeline->Illuminate\\Pipeline\\{closure}(Object(Laravel\\Lumen\\Http\\Request))
#35 C:\\xampp\\htdocs\\matrimonial\\vendor\\illuminate\\pipeline\\Pipeline.php(103): Laravel\\Lumen\\Routing\\Pipeline->Laravel\\Lumen\\Routing\\{closure}(Object(Laravel\\Lumen\\Http\\Request))
#36 C:\\xampp\\htdocs\\matrimonial\\vendor\\laravel\\lumen-framework\\src\\Concerns\\RoutesRequests.php(426): Illuminate\\Pipeline\\Pipeline->then(Object(Closure))
#37 C:\\xampp\\htdocs\\matrimonial\\vendor\\laravel\\lumen-framework\\src\\Concerns\\RoutesRequests.php(175): Laravel\\Lumen\\Application->sendThroughPipeline(Array, Object(Closure))
#38 C:\\xampp\\htdocs\\matrimonial\\vendor\\laravel\\lumen-framework\\src\\Concerns\\RoutesRequests.php(112): Laravel\\Lumen\\Application->dispatch(NULL)
#39 C:\\xampp\\htdocs\\matrimonial\\public\\index.php(28): Laravel\\Lumen\\Application->run()
#40 {main}
"} 
[2023-05-29 04:23:31] local.ERROR: SQLSTATE[HY000] [2002] php_network_getaddresses: getaddrinfo failed: No such host is known.  (SQL: select * from `Admin` where `UserId` = Gyana@123) {"exception":"[object] (Illuminate\\Database\\QueryException(code: 2002): SQLSTATE[HY000] [2002] php_network_getaddresses: getaddrinfo failed: No such host is known.  (SQL: select * from `Admin` where `UserId` = Gyana@123) at C:\\xampp\\htdocs\\matrimonial\\vendor\\illuminate\\database\\Connection.php:712)
[stacktrace]
#0 C:\\xampp\\htdocs\\matrimonial\\vendor\\illuminate\\database\\Connection.php(672): Illuminate\\Database\\Connection->runQueryCallback('select * from `...', Array, Object(Closure))
#1 C:\\xampp\\htdocs\\matrimonial\\vendor\\illuminate\\database\\Connection.php(376): Illuminate\\Database\\Connection->run('select * from `...', Array, Object(Closure))
#2 C:\\xampp\\htdocs\\matrimonial\\vendor\\illuminate\\database\\Query\\Builder.php(2414): Illuminate\\Database\\Connection->select('select * from `...', Array, true)
#3 C:\\xampp\\htdocs\\matrimonial\\vendor\\illuminate\\database\\Query\\Builder.php(2402): Illuminate\\Database\\Query\\Builder->runSelect()
#4 C:\\xampp\\htdocs\\matrimonial\\vendor\\illuminate\\database\\Query\\Builder.php(2936): Illuminate\\Database\\Query\\Builder->Illuminate\\Database\\Query\\{closure}()
#5 C:\\xampp\\htdocs\\matrimonial\\vendor\\illuminate\\database\\Query\\Builder.php(2403): Illuminate\\Database\\Query\\Builder->onceWithColumns(Array, Object(Closure))
#6 C:\\xampp\\htdocs\\matrimonial\\app\\Http\\Controllers\\loginController.php(20): Illuminate\\Database\\Query\\Builder->get()
#7 C:\\xampp\\htdocs\\matrimonial\\vendor\\illuminate\\container\\BoundMethod.php(36): App\\Http\\Controllers\\loginController->adminLogin()
#8 C:\\xampp\\htdocs\\matrimonial\\vendor\\illuminate\\container\\Util.php(40): Illuminate\\Container\\BoundMethod::Illuminate\\Container\\{closure}()
#9 C:\\xampp\\htdocs\\matrimonial\\vendor\\illuminate\\container\\BoundMethod.php(93): Illuminate\\Container\\Util::unwrapIfClosure(Object(Closure))
#10 C:\\xampp\\htdocs\\matrimonial\\vendor\\illuminate\\container\\BoundMethod.php(37): Illuminate\\Container\\BoundMethod::callBoundMethod(Object(Laravel\\Lumen\\Application), Array, Object(Closure))
#11 C:\\xampp\\htdocs\\matrimonial\\vendor\\illuminate\\container\\Container.php(653): Illuminate\\Container\\BoundMethod::call(Object(Laravel\\Lumen\\Application), Array, Array, NULL)
#12 C:\\xampp\\htdocs\\matrimonial\\vendor\\laravel\\lumen-framework\\src\\Concerns\\RoutesRequests.php(389): Illuminate\\Container\\Container->call(Array, Array)
#13 C:\\xampp\\htdocs\\matrimonial\\vendor\\laravel\\lumen-framework\\src\\Concerns\\RoutesRequests.php(355): Laravel\\Lumen\\Application->callControllerCallable(Array, Array)
#14 C:\\xampp\\htdocs\\matrimonial\\vendor\\laravel\\lumen-framework\\src\\Concerns\\RoutesRequests.php(329): Laravel\\Lumen\\Application->callLumenController(Object(App\\Http\\Controllers\\loginController), 'adminLogin', Array)
#15 C:\\xampp\\htdocs\\matrimonial\\vendor\\laravel\\lumen-framework\\src\\Concerns\\RoutesRequests.php(282): Laravel\\Lumen\\Application->callControllerAction(Array)
#16 C:\\xampp\\htdocs\\matrimonial\\vendor\\laravel\\lumen-framework\\src\\Concerns\\RoutesRequests.php(267): Laravel\\Lumen\\Application->callActionOnArrayBasedRoute(Array)
#17 C:\\xampp\\htdocs\\matrimonial\\vendor\\laravel\\lumen-framework\\src\\Concerns\\RoutesRequests.php(169): Laravel\\Lumen\\Application->handleFoundRoute(Array)
#18 C:\\xampp\\htdocs\\matrimonial\\vendor\\laravel\\lumen-framework\\src\\Routing\\Pipeline.php(48): Laravel\\Lumen\\Application->Laravel\\Lumen\\Concerns\\{closure}(Object(Laravel\\Lumen\\Http\\Request))
#19 C:\\xampp\\htdocs\\matrimonial\\app\\Http\\Middleware\\CorsMiddleware.php(28): Laravel\\Lumen\\Routing\\Pipeline->Laravel\\Lumen\\Routing\\{closure}(Object(Laravel\\Lumen\\Http\\Request))
#20 C:\\xampp\\htdocs\\matrimonial\\vendor\\illuminate\\pipeline\\Pipeline.php(167): App\\Http\\Middleware\\CorsMiddleware->handle(Object(Laravel\\Lumen\\Http\\Request), Object(Closure))
#21 C:\\xampp\\htdocs\\matrimonial\\vendor\\laravel\\lumen-framework\\src\\Routing\\Pipeline.php(30): Illuminate\\Pipeline\\Pipeline->Illuminate\\Pipeline\\{closure}(Object(Laravel\\Lumen\\Http\\Request))
#22 C:\\xampp\\htdocs\\matrimonial\\app\\Http\\Middleware\\ExampleMiddleware.php(18): Laravel\\Lumen\\Routing\\Pipeline->Laravel\\Lumen\\Routing\\{closure}(Object(Laravel\\Lumen\\Http\\Request))
#23 C:\\xampp\\htdocs\\matrimonial\\vendor\\illuminate\\pipeline\\Pipeline.php(167): App\\Http\\Middleware\\ExampleMiddleware->handle(Object(Laravel\\Lumen\\Http\\Request), Object(Closure))
#24 C:\\xampp\\htdocs\\matrimonial\\vendor\\laravel\\lumen-framework\\src\\Routing\\Pipeline.php(30): Illuminate\\Pipeline\\Pipeline->Illuminate\\Pipeline\\{closure}(Object(Laravel\\Lumen\\Http\\Request))
#25 C:\\xampp\\htdocs\\matrimonial\\vendor\\illuminate\\pipeline\\Pipeline.php(103): Laravel\\Lumen\\Routing\\Pipeline->Laravel\\Lumen\\Routing\\{closure}(Object(Laravel\\Lumen\\Http\\Request))
#26 C:\\xampp\\htdocs\\matrimonial\\vendor\\laravel\\lumen-framework\\src\\Concerns\\RoutesRequests.php(426): Illuminate\\Pipeline\\Pipeline->then(Object(Closure))
#27 C:\\xampp\\htdocs\\matrimonial\\vendor\\laravel\\lumen-framework\\src\\Concerns\\RoutesRequests.php(175): Laravel\\Lumen\\Application->sendThroughPipeline(Array, Object(Closure))
#28 C:\\xampp\\htdocs\\matrimonial\\vendor\\laravel\\lumen-framework\\src\\Concerns\\RoutesRequests.php(112): Laravel\\Lumen\\Application->dispatch(NULL)
#29 C:\\xampp\\htdocs\\matrimonial\\public\\index.php(28): Laravel\\Lumen\\Application->run()
#30 {main}

[previous exception] [object] (PDOException(code: 2002): SQLSTATE[HY000] [2002] php_network_getaddresses: getaddrinfo failed: No such host is known.  at C:\\xampp\\htdocs\\matrimonial\\vendor\\illuminate\\database\\Connectors\\Connector.php:70)
[stacktrace]
#0 C:\\xampp\\htdocs\\matrimonial\\vendor\\illuminate\\database\\Connectors\\Connector.php(70): PDO->__construct('mysql:host=http...', 'root', '', Array)
#1 C:\\xampp\\htdocs\\matrimonial\\vendor\\illuminate\\database\\Connectors\\Connector.php(46): Illuminate\\Database\\Connectors\\Connector->createPdoConnection('mysql:host=http...', 'root', '', Array)
#2 C:\\xampp\\htdocs\\matrimonial\\vendor\\illuminate\\database\\Connectors\\MySqlConnector.php(24): Illuminate\\Database\\Connectors\\Connector->createConnection('mysql:host=http...', Array, Array)
#3 C:\\xampp\\htdocs\\matrimonial\\vendor\\illuminate\\database\\Connectors\\ConnectionFactory.php(184): Illuminate\\Database\\Connectors\\MySqlConnector->connect(Array)
#4 [internal function]: Illuminate\\Database\\Connectors\\ConnectionFactory->Illuminate\\Database\\Connectors\\{closure}()
#5 C:\\xampp\\htdocs\\matrimonial\\vendor\\illuminate\\database\\Connection.php(1064): call_user_func(Object(Closure))
#6 C:\\xampp\\htdocs\\matrimonial\\vendor\\illuminate\\database\\Connection.php(1100): Illuminate\\Database\\Connection->getPdo()
#7 C:\\xampp\\htdocs\\matrimonial\\vendor\\illuminate\\database\\Connection.php(442): Illuminate\\Database\\Connection->getReadPdo()
#8 C:\\xampp\\htdocs\\matrimonial\\vendor\\illuminate\\database\\Connection.php(368): Illuminate\\Database\\Connection->getPdoForSelect(true)
#9 C:\\xampp\\htdocs\\matrimonial\\vendor\\illuminate\\database\\Connection.php(705): Illuminate\\Database\\Connection->Illuminate\\Database\\{closure}('select * from `...', Array)
#10 C:\\xampp\\htdocs\\matrimonial\\vendor\\illuminate\\database\\Connection.php(672): Illuminate\\Database\\Connection->runQueryCallback('select * from `...', Array, Object(Closure))
#11 C:\\xampp\\htdocs\\matrimonial\\vendor\\illuminate\\database\\Connection.php(376): Illuminate\\Database\\Connection->run('select * from `...', Array, Object(Closure))
#12 C:\\xampp\\htdocs\\matrimonial\\vendor\\illuminate\\database\\Query\\Builder.php(2414): Illuminate\\Database\\Connection->select('select * from `...', Array, true)
#13 C:\\xampp\\htdocs\\matrimonial\\vendor\\illuminate\\database\\Query\\Builder.php(2402): Illuminate\\Database\\Query\\Builder->runSelect()
#14 C:\\xampp\\htdocs\\matrimonial\\vendor\\illuminate\\database\\Query\\Builder.php(2936): Illuminate\\Database\\Query\\Builder->Illuminate\\Database\\Query\\{closure}()
#15 C:\\xampp\\htdocs\\matrimonial\\vendor\\illuminate\\database\\Query\\Builder.php(2403): Illuminate\\Database\\Query\\Builder->onceWithColumns(Array, Object(Closure))
#16 C:\\xampp\\htdocs\\matrimonial\\app\\Http\\Controllers\\loginController.php(20): Illuminate\\Database\\Query\\Builder->get()
#17 C:\\xampp\\htdocs\\matrimonial\\vendor\\illuminate\\container\\BoundMethod.php(36): App\\Http\\Controllers\\loginController->adminLogin()
#18 C:\\xampp\\htdocs\\matrimonial\\vendor\\illuminate\\container\\Util.php(40): Illuminate\\Container\\BoundMethod::Illuminate\\Container\\{closure}()
#19 C:\\xampp\\htdocs\\matrimonial\\vendor\\illuminate\\container\\BoundMethod.php(93): Illuminate\\Container\\Util::unwrapIfClosure(Object(Closure))
#20 C:\\xampp\\htdocs\\matrimonial\\vendor\\illuminate\\container\\BoundMethod.php(37): Illuminate\\Container\\BoundMethod::callBoundMethod(Object(Laravel\\Lumen\\Application), Array, Object(Closure))
#21 C:\\xampp\\htdocs\\matrimonial\\vendor\\illuminate\\container\\Container.php(653): Illuminate\\Container\\BoundMethod::call(Object(Laravel\\Lumen\\Application), Array, Array, NULL)
#22 C:\\xampp\\htdocs\\matrimonial\\vendor\\laravel\\lumen-framework\\src\\Concerns\\RoutesRequests.php(389): Illuminate\\Container\\Container->call(Array, Array)
#23 C:\\xampp\\htdocs\\matrimonial\\vendor\\laravel\\lumen-framework\\src\\Concerns\\RoutesRequests.php(355): Laravel\\Lumen\\Application->callControllerCallable(Array, Array)
#24 C:\\xampp\\htdocs\\matrimonial\\vendor\\laravel\\lumen-framework\\src\\Concerns\\RoutesRequests.php(329): Laravel\\Lumen\\Application->callLumenController(Object(App\\Http\\Controllers\\loginController), 'adminLogin', Array)
#25 C:\\xampp\\htdocs\\matrimonial\\vendor\\laravel\\lumen-framework\\src\\Concerns\\RoutesRequests.php(282): Laravel\\Lumen\\Application->callControllerAction(Array)
#26 C:\\xampp\\htdocs\\matrimonial\\vendor\\laravel\\lumen-framework\\src\\Concerns\\RoutesRequests.php(267): Laravel\\Lumen\\Application->callActionOnArrayBasedRoute(Array)
#27 C:\\xampp\\htdocs\\matrimonial\\vendor\\laravel\\lumen-framework\\src\\Concerns\\RoutesRequests.php(169): Laravel\\Lumen\\Application->handleFoundRoute(Array)
#28 C:\\xampp\\htdocs\\matrimonial\\vendor\\laravel\\lumen-framework\\src\\Routing\\Pipeline.php(48): Laravel\\Lumen\\Application->Laravel\\Lumen\\Concerns\\{closure}(Object(Laravel\\Lumen\\Http\\Request))
#29 C:\\xampp\\htdocs\\matrimonial\\app\\Http\\Middleware\\CorsMiddleware.php(28): Laravel\\Lumen\\Routing\\Pipeline->Laravel\\Lumen\\Routing\\{closure}(Object(Laravel\\Lumen\\Http\\Request))
#30 C:\\xampp\\htdocs\\matrimonial\\vendor\\illuminate\\pipeline\\Pipeline.php(167): App\\Http\\Middleware\\CorsMiddleware->handle(Object(Laravel\\Lumen\\Http\\Request), Object(Closure))
#31 C:\\xampp\\htdocs\\matrimonial\\vendor\\laravel\\lumen-framework\\src\\Routing\\Pipeline.php(30): Illuminate\\Pipeline\\Pipeline->Illuminate\\Pipeline\\{closure}(Object(Laravel\\Lumen\\Http\\Request))
#32 C:\\xampp\\htdocs\\matrimonial\\app\\Http\\Middleware\\ExampleMiddleware.php(18): Laravel\\Lumen\\Routing\\Pipeline->Laravel\\Lumen\\Routing\\{closure}(Object(Laravel\\Lumen\\Http\\Request))
#33 C:\\xampp\\htdocs\\matrimonial\\vendor\\illuminate\\pipeline\\Pipeline.php(167): App\\Http\\Middleware\\ExampleMiddleware->handle(Object(Laravel\\Lumen\\Http\\Request), Object(Closure))
#34 C:\\xampp\\htdocs\\matrimonial\\vendor\\laravel\\lumen-framework\\src\\Routing\\Pipeline.php(30): Illuminate\\Pipeline\\Pipeline->Illuminate\\Pipeline\\{closure}(Object(Laravel\\Lumen\\Http\\Request))
#35 C:\\xampp\\htdocs\\matrimonial\\vendor\\illuminate\\pipeline\\Pipeline.php(103): Laravel\\Lumen\\Routing\\Pipeline->Laravel\\Lumen\\Routing\\{closure}(Object(Laravel\\Lumen\\Http\\Request))
#36 C:\\xampp\\htdocs\\matrimonial\\vendor\\laravel\\lumen-framework\\src\\Concerns\\RoutesRequests.php(426): Illuminate\\Pipeline\\Pipeline->then(Object(Closure))
#37 C:\\xampp\\htdocs\\matrimonial\\vendor\\laravel\\lumen-framework\\src\\Concerns\\RoutesRequests.php(175): Laravel\\Lumen\\Application->sendThroughPipeline(Array, Object(Closure))
#38 C:\\xampp\\htdocs\\matrimonial\\vendor\\laravel\\lumen-framework\\src\\Concerns\\RoutesRequests.php(112): Laravel\\Lumen\\Application->dispatch(NULL)
#39 C:\\xampp\\htdocs\\matrimonial\\public\\index.php(28): Laravel\\Lumen\\Application->run()
#40 {main}

[previous exception] [object] (PDOException(code: 0): PDO::__construct(): php_network_getaddresses: getaddrinfo failed: No such host is known.  at C:\\xampp\\htdocs\\matrimonial\\vendor\\illuminate\\database\\Connectors\\Connector.php:70)
[stacktrace]
#0 C:\\xampp\\htdocs\\matrimonial\\vendor\\illuminate\\database\\Connectors\\Connector.php(70): PDO->__construct('mysql:host=http...', 'root', '', Array)
#1 C:\\xampp\\htdocs\\matrimonial\\vendor\\illuminate\\database\\Connectors\\Connector.php(46): Illuminate\\Database\\Connectors\\Connector->createPdoConnection('mysql:host=http...', 'root', '', Array)
#2 C:\\xampp\\htdocs\\matrimonial\\vendor\\illuminate\\database\\Connectors\\MySqlConnector.php(24): Illuminate\\Database\\Connectors\\Connector->createConnection('mysql:host=http...', Array, Array)
#3 C:\\xampp\\htdocs\\matrimonial\\vendor\\illuminate\\database\\Connectors\\ConnectionFactory.php(184): Illuminate\\Database\\Connectors\\MySqlConnector->connect(Array)
#4 [internal function]: Illuminate\\Database\\Connectors\\ConnectionFactory->Illuminate\\Database\\Connectors\\{closure}()
#5 C:\\xampp\\htdocs\\matrimonial\\vendor\\illuminate\\database\\Connection.php(1064): call_user_func(Object(Closure))
#6 C:\\xampp\\htdocs\\matrimonial\\vendor\\illuminate\\database\\Connection.php(1100): Illuminate\\Database\\Connection->getPdo()
#7 C:\\xampp\\htdocs\\matrimonial\\vendor\\illuminate\\database\\Connection.php(442): Illuminate\\Database\\Connection->getReadPdo()
#8 C:\\xampp\\htdocs\\matrimonial\\vendor\\illuminate\\database\\Connection.php(368): Illuminate\\Database\\Connection->getPdoForSelect(true)
#9 C:\\xampp\\htdocs\\matrimonial\\vendor\\illuminate\\database\\Connection.php(705): Illuminate\\Database\\Connection->Illuminate\\Database\\{closure}('select * from `...', Array)
#10 C:\\xampp\\htdocs\\matrimonial\\vendor\\illuminate\\database\\Connection.php(672): Illuminate\\Database\\Connection->runQueryCallback('select * from `...', Array, Object(Closure))
#11 C:\\xampp\\htdocs\\matrimonial\\vendor\\illuminate\\database\\Connection.php(376): Illuminate\\Database\\Connection->run('select * from `...', Array, Object(Closure))
#12 C:\\xampp\\htdocs\\matrimonial\\vendor\\illuminate\\database\\Query\\Builder.php(2414): Illuminate\\Database\\Connection->select('select * from `...', Array, true)
#13 C:\\xampp\\htdocs\\matrimonial\\vendor\\illuminate\\database\\Query\\Builder.php(2402): Illuminate\\Database\\Query\\Builder->runSelect()
#14 C:\\xampp\\htdocs\\matrimonial\\vendor\\illuminate\\database\\Query\\Builder.php(2936): Illuminate\\Database\\Query\\Builder->Illuminate\\Database\\Query\\{closure}()
#15 C:\\xampp\\htdocs\\matrimonial\\vendor\\illuminate\\database\\Query\\Builder.php(2403): Illuminate\\Database\\Query\\Builder->onceWithColumns(Array, Object(Closure))
#16 C:\\xampp\\htdocs\\matrimonial\\app\\Http\\Controllers\\loginController.php(20): Illuminate\\Database\\Query\\Builder->get()
#17 C:\\xampp\\htdocs\\matrimonial\\vendor\\illuminate\\container\\BoundMethod.php(36): App\\Http\\Controllers\\loginController->adminLogin()
#18 C:\\xampp\\htdocs\\matrimonial\\vendor\\illuminate\\container\\Util.php(40): Illuminate\\Container\\BoundMethod::Illuminate\\Container\\{closure}()
#19 C:\\xampp\\htdocs\\matrimonial\\vendor\\illuminate\\container\\BoundMethod.php(93): Illuminate\\Container\\Util::unwrapIfClosure(Object(Closure))
#20 C:\\xampp\\htdocs\\matrimonial\\vendor\\illuminate\\container\\BoundMethod.php(37): Illuminate\\Container\\BoundMethod::callBoundMethod(Object(Laravel\\Lumen\\Application), Array, Object(Closure))
#21 C:\\xampp\\htdocs\\matrimonial\\vendor\\illuminate\\container\\Container.php(653): Illuminate\\Container\\BoundMethod::call(Object(Laravel\\Lumen\\Application), Array, Array, NULL)
#22 C:\\xampp\\htdocs\\matrimonial\\vendor\\laravel\\lumen-framework\\src\\Concerns\\RoutesRequests.php(389): Illuminate\\Container\\Container->call(Array, Array)
#23 C:\\xampp\\htdocs\\matrimonial\\vendor\\laravel\\lumen-framework\\src\\Concerns\\RoutesRequests.php(355): Laravel\\Lumen\\Application->callControllerCallable(Array, Array)
#24 C:\\xampp\\htdocs\\matrimonial\\vendor\\laravel\\lumen-framework\\src\\Concerns\\RoutesRequests.php(329): Laravel\\Lumen\\Application->callLumenController(Object(App\\Http\\Controllers\\loginController), 'adminLogin', Array)
#25 C:\\xampp\\htdocs\\matrimonial\\vendor\\laravel\\lumen-framework\\src\\Concerns\\RoutesRequests.php(282): Laravel\\Lumen\\Application->callControllerAction(Array)
#26 C:\\xampp\\htdocs\\matrimonial\\vendor\\laravel\\lumen-framework\\src\\Concerns\\RoutesRequests.php(267): Laravel\\Lumen\\Application->callActionOnArrayBasedRoute(Array)
#27 C:\\xampp\\htdocs\\matrimonial\\vendor\\laravel\\lumen-framework\\src\\Concerns\\RoutesRequests.php(169): Laravel\\Lumen\\Application->handleFoundRoute(Array)
#28 C:\\xampp\\htdocs\\matrimonial\\vendor\\laravel\\lumen-framework\\src\\Routing\\Pipeline.php(48): Laravel\\Lumen\\Application->Laravel\\Lumen\\Concerns\\{closure}(Object(Laravel\\Lumen\\Http\\Request))
#29 C:\\xampp\\htdocs\\matrimonial\\app\\Http\\Middleware\\CorsMiddleware.php(28): Laravel\\Lumen\\Routing\\Pipeline->Laravel\\Lumen\\Routing\\{closure}(Object(Laravel\\Lumen\\Http\\Request))
#30 C:\\xampp\\htdocs\\matrimonial\\vendor\\illuminate\\pipeline\\Pipeline.php(167): App\\Http\\Middleware\\CorsMiddleware->handle(Object(Laravel\\Lumen\\Http\\Request), Object(Closure))
#31 C:\\xampp\\htdocs\\matrimonial\\vendor\\laravel\\lumen-framework\\src\\Routing\\Pipeline.php(30): Illuminate\\Pipeline\\Pipeline->Illuminate\\Pipeline\\{closure}(Object(Laravel\\Lumen\\Http\\Request))
#32 C:\\xampp\\htdocs\\matrimonial\\app\\Http\\Middleware\\ExampleMiddleware.php(18): Laravel\\Lumen\\Routing\\Pipeline->Laravel\\Lumen\\Routing\\{closure}(Object(Laravel\\Lumen\\Http\\Request))
#33 C:\\xampp\\htdocs\\matrimonial\\vendor\\illuminate\\pipeline\\Pipeline.php(167): App\\Http\\Middleware\\ExampleMiddleware->handle(Object(Laravel\\Lumen\\Http\\Request), Object(Closure))
#34 C:\\xampp\\htdocs\\matrimonial\\vendor\\laravel\\lumen-framework\\src\\Routing\\Pipeline.php(30): Illuminate\\Pipeline\\Pipeline->Illuminate\\Pipeline\\{closure}(Object(Laravel\\Lumen\\Http\\Request))
#35 C:\\xampp\\htdocs\\matrimonial\\vendor\\illuminate\\pipeline\\Pipeline.php(103): Laravel\\Lumen\\Routing\\Pipeline->Laravel\\Lumen\\Routing\\{closure}(Object(Laravel\\Lumen\\Http\\Request))
#36 C:\\xampp\\htdocs\\matrimonial\\vendor\\laravel\\lumen-framework\\src\\Concerns\\RoutesRequests.php(426): Illuminate\\Pipeline\\Pipeline->then(Object(Closure))
#37 C:\\xampp\\htdocs\\matrimonial\\vendor\\laravel\\lumen-framework\\src\\Concerns\\RoutesRequests.php(175): Laravel\\Lumen\\Application->sendThroughPipeline(Array, Object(Closure))
#38 C:\\xampp\\htdocs\\matrimonial\\vendor\\laravel\\lumen-framework\\src\\Concerns\\RoutesRequests.php(112): Laravel\\Lumen\\Application->dispatch(NULL)
#39 C:\\xampp\\htdocs\\matrimonial\\public\\index.php(28): Laravel\\Lumen\\Application->run()
#40 {main}
"} 
[2023-05-29 05:53:37] local.ERROR: SQLSTATE[HY000] [2002] php_network_getaddresses: getaddrinfo failed: No such host is known.  (SQL: select * from `Admin` where `UserId` = Gyana@123) {"exception":"[object] (Illuminate\\Database\\QueryException(code: 2002): SQLSTATE[HY000] [2002] php_network_getaddresses: getaddrinfo failed: No such host is known.  (SQL: select * from `Admin` where `UserId` = Gyana@123) at C:\\xampp\\htdocs\\matrimonial\\vendor\\illuminate\\database\\Connection.php:712)
[stacktrace]
#0 C:\\xampp\\htdocs\\matrimonial\\vendor\\illuminate\\database\\Connection.php(672): Illuminate\\Database\\Connection->runQueryCallback('select * from `...', Array, Object(Closure))
#1 C:\\xampp\\htdocs\\matrimonial\\vendor\\illuminate\\database\\Connection.php(376): Illuminate\\Database\\Connection->run('select * from `...', Array, Object(Closure))
#2 C:\\xampp\\htdocs\\matrimonial\\vendor\\illuminate\\database\\Query\\Builder.php(2414): Illuminate\\Database\\Connection->select('select * from `...', Array, true)
#3 C:\\xampp\\htdocs\\matrimonial\\vendor\\illuminate\\database\\Query\\Builder.php(2402): Illuminate\\Database\\Query\\Builder->runSelect()
#4 C:\\xampp\\htdocs\\matrimonial\\vendor\\illuminate\\database\\Query\\Builder.php(2936): Illuminate\\Database\\Query\\Builder->Illuminate\\Database\\Query\\{closure}()
#5 C:\\xampp\\htdocs\\matrimonial\\vendor\\illuminate\\database\\Query\\Builder.php(2403): Illuminate\\Database\\Query\\Builder->onceWithColumns(Array, Object(Closure))
#6 C:\\xampp\\htdocs\\matrimonial\\app\\Http\\Controllers\\loginController.php(20): Illuminate\\Database\\Query\\Builder->get()
#7 C:\\xampp\\htdocs\\matrimonial\\vendor\\illuminate\\container\\BoundMethod.php(36): App\\Http\\Controllers\\loginController->adminLogin()
#8 C:\\xampp\\htdocs\\matrimonial\\vendor\\illuminate\\container\\Util.php(40): Illuminate\\Container\\BoundMethod::Illuminate\\Container\\{closure}()
#9 C:\\xampp\\htdocs\\matrimonial\\vendor\\illuminate\\container\\BoundMethod.php(93): Illuminate\\Container\\Util::unwrapIfClosure(Object(Closure))
#10 C:\\xampp\\htdocs\\matrimonial\\vendor\\illuminate\\container\\BoundMethod.php(37): Illuminate\\Container\\BoundMethod::callBoundMethod(Object(Laravel\\Lumen\\Application), Array, Object(Closure))
#11 C:\\xampp\\htdocs\\matrimonial\\vendor\\illuminate\\container\\Container.php(653): Illuminate\\Container\\BoundMethod::call(Object(Laravel\\Lumen\\Application), Array, Array, NULL)
#12 C:\\xampp\\htdocs\\matrimonial\\vendor\\laravel\\lumen-framework\\src\\Concerns\\RoutesRequests.php(389): Illuminate\\Container\\Container->call(Array, Array)
#13 C:\\xampp\\htdocs\\matrimonial\\vendor\\laravel\\lumen-framework\\src\\Concerns\\RoutesRequests.php(355): Laravel\\Lumen\\Application->callControllerCallable(Array, Array)
#14 C:\\xampp\\htdocs\\matrimonial\\vendor\\laravel\\lumen-framework\\src\\Concerns\\RoutesRequests.php(329): Laravel\\Lumen\\Application->callLumenController(Object(App\\Http\\Controllers\\loginController), 'adminLogin', Array)
#15 C:\\xampp\\htdocs\\matrimonial\\vendor\\laravel\\lumen-framework\\src\\Concerns\\RoutesRequests.php(282): Laravel\\Lumen\\Application->callControllerAction(Array)
#16 C:\\xampp\\htdocs\\matrimonial\\vendor\\laravel\\lumen-framework\\src\\Concerns\\RoutesRequests.php(267): Laravel\\Lumen\\Application->callActionOnArrayBasedRoute(Array)
#17 C:\\xampp\\htdocs\\matrimonial\\vendor\\laravel\\lumen-framework\\src\\Concerns\\RoutesRequests.php(169): Laravel\\Lumen\\Application->handleFoundRoute(Array)
#18 C:\\xampp\\htdocs\\matrimonial\\vendor\\laravel\\lumen-framework\\src\\Routing\\Pipeline.php(48): Laravel\\Lumen\\Application->Laravel\\Lumen\\Concerns\\{closure}(Object(Laravel\\Lumen\\Http\\Request))
#19 C:\\xampp\\htdocs\\matrimonial\\app\\Http\\Middleware\\CorsMiddleware.php(28): Laravel\\Lumen\\Routing\\Pipeline->Laravel\\Lumen\\Routing\\{closure}(Object(Laravel\\Lumen\\Http\\Request))
#20 C:\\xampp\\htdocs\\matrimonial\\vendor\\illuminate\\pipeline\\Pipeline.php(167): App\\Http\\Middleware\\CorsMiddleware->handle(Object(Laravel\\Lumen\\Http\\Request), Object(Closure))
#21 C:\\xampp\\htdocs\\matrimonial\\vendor\\laravel\\lumen-framework\\src\\Routing\\Pipeline.php(30): Illuminate\\Pipeline\\Pipeline->Illuminate\\Pipeline\\{closure}(Object(Laravel\\Lumen\\Http\\Request))
#22 C:\\xampp\\htdocs\\matrimonial\\app\\Http\\Middleware\\ExampleMiddleware.php(18): Laravel\\Lumen\\Routing\\Pipeline->Laravel\\Lumen\\Routing\\{closure}(Object(Laravel\\Lumen\\Http\\Request))
#23 C:\\xampp\\htdocs\\matrimonial\\vendor\\illuminate\\pipeline\\Pipeline.php(167): App\\Http\\Middleware\\ExampleMiddleware->handle(Object(Laravel\\Lumen\\Http\\Request), Object(Closure))
#24 C:\\xampp\\htdocs\\matrimonial\\vendor\\laravel\\lumen-framework\\src\\Routing\\Pipeline.php(30): Illuminate\\Pipeline\\Pipeline->Illuminate\\Pipeline\\{closure}(Object(Laravel\\Lumen\\Http\\Request))
#25 C:\\xampp\\htdocs\\matrimonial\\vendor\\illuminate\\pipeline\\Pipeline.php(103): Laravel\\Lumen\\Routing\\Pipeline->Laravel\\Lumen\\Routing\\{closure}(Object(Laravel\\Lumen\\Http\\Request))
#26 C:\\xampp\\htdocs\\matrimonial\\vendor\\laravel\\lumen-framework\\src\\Concerns\\RoutesRequests.php(426): Illuminate\\Pipeline\\Pipeline->then(Object(Closure))
#27 C:\\xampp\\htdocs\\matrimonial\\vendor\\laravel\\lumen-framework\\src\\Concerns\\RoutesRequests.php(175): Laravel\\Lumen\\Application->sendThroughPipeline(Array, Object(Closure))
#28 C:\\xampp\\htdocs\\matrimonial\\vendor\\laravel\\lumen-framework\\src\\Concerns\\RoutesRequests.php(112): Laravel\\Lumen\\Application->dispatch(NULL)
#29 C:\\xampp\\htdocs\\matrimonial\\public\\index.php(28): Laravel\\Lumen\\Application->run()
#30 {main}

[previous exception] [object] (PDOException(code: 2002): SQLSTATE[HY000] [2002] php_network_getaddresses: getaddrinfo failed: No such host is known.  at C:\\xampp\\htdocs\\matrimonial\\vendor\\illuminate\\database\\Connectors\\Connector.php:70)
[stacktrace]
#0 C:\\xampp\\htdocs\\matrimonial\\vendor\\illuminate\\database\\Connectors\\Connector.php(70): PDO->__construct('mysql:host=http...', 'root', '', Array)
#1 C:\\xampp\\htdocs\\matrimonial\\vendor\\illuminate\\database\\Connectors\\Connector.php(46): Illuminate\\Database\\Connectors\\Connector->createPdoConnection('mysql:host=http...', 'root', '', Array)
#2 C:\\xampp\\htdocs\\matrimonial\\vendor\\illuminate\\database\\Connectors\\MySqlConnector.php(24): Illuminate\\Database\\Connectors\\Connector->createConnection('mysql:host=http...', Array, Array)
#3 C:\\xampp\\htdocs\\matrimonial\\vendor\\illuminate\\database\\Connectors\\ConnectionFactory.php(184): Illuminate\\Database\\Connectors\\MySqlConnector->connect(Array)
#4 [internal function]: Illuminate\\Database\\Connectors\\ConnectionFactory->Illuminate\\Database\\Connectors\\{closure}()
#5 C:\\xampp\\htdocs\\matrimonial\\vendor\\illuminate\\database\\Connection.php(1064): call_user_func(Object(Closure))
#6 C:\\xampp\\htdocs\\matrimonial\\vendor\\illuminate\\database\\Connection.php(1100): Illuminate\\Database\\Connection->getPdo()
#7 C:\\xampp\\htdocs\\matrimonial\\vendor\\illuminate\\database\\Connection.php(442): Illuminate\\Database\\Connection->getReadPdo()
#8 C:\\xampp\\htdocs\\matrimonial\\vendor\\illuminate\\database\\Connection.php(368): Illuminate\\Database\\Connection->getPdoForSelect(true)
#9 C:\\xampp\\htdocs\\matrimonial\\vendor\\illuminate\\database\\Connection.php(705): Illuminate\\Database\\Connection->Illuminate\\Database\\{closure}('select * from `...', Array)
#10 C:\\xampp\\htdocs\\matrimonial\\vendor\\illuminate\\database\\Connection.php(672): Illuminate\\Database\\Connection->runQueryCallback('select * from `...', Array, Object(Closure))
#11 C:\\xampp\\htdocs\\matrimonial\\vendor\\illuminate\\database\\Connection.php(376): Illuminate\\Database\\Connection->run('select * from `...', Array, Object(Closure))
#12 C:\\xampp\\htdocs\\matrimonial\\vendor\\illuminate\\database\\Query\\Builder.php(2414): Illuminate\\Database\\Connection->select('select * from `...', Array, true)
#13 C:\\xampp\\htdocs\\matrimonial\\vendor\\illuminate\\database\\Query\\Builder.php(2402): Illuminate\\Database\\Query\\Builder->runSelect()
#14 C:\\xampp\\htdocs\\matrimonial\\vendor\\illuminate\\database\\Query\\Builder.php(2936): Illuminate\\Database\\Query\\Builder->Illuminate\\Database\\Query\\{closure}()
#15 C:\\xampp\\htdocs\\matrimonial\\vendor\\illuminate\\database\\Query\\Builder.php(2403): Illuminate\\Database\\Query\\Builder->onceWithColumns(Array, Object(Closure))
#16 C:\\xampp\\htdocs\\matrimonial\\app\\Http\\Controllers\\loginController.php(20): Illuminate\\Database\\Query\\Builder->get()
#17 C:\\xampp\\htdocs\\matrimonial\\vendor\\illuminate\\container\\BoundMethod.php(36): App\\Http\\Controllers\\loginController->adminLogin()
#18 C:\\xampp\\htdocs\\matrimonial\\vendor\\illuminate\\container\\Util.php(40): Illuminate\\Container\\BoundMethod::Illuminate\\Container\\{closure}()
#19 C:\\xampp\\htdocs\\matrimonial\\vendor\\illuminate\\container\\BoundMethod.php(93): Illuminate\\Container\\Util::unwrapIfClosure(Object(Closure))
#20 C:\\xampp\\htdocs\\matrimonial\\vendor\\illuminate\\container\\BoundMethod.php(37): Illuminate\\Container\\BoundMethod::callBoundMethod(Object(Laravel\\Lumen\\Application), Array, Object(Closure))
#21 C:\\xampp\\htdocs\\matrimonial\\vendor\\illuminate\\container\\Container.php(653): Illuminate\\Container\\BoundMethod::call(Object(Laravel\\Lumen\\Application), Array, Array, NULL)
#22 C:\\xampp\\htdocs\\matrimonial\\vendor\\laravel\\lumen-framework\\src\\Concerns\\RoutesRequests.php(389): Illuminate\\Container\\Container->call(Array, Array)
#23 C:\\xampp\\htdocs\\matrimonial\\vendor\\laravel\\lumen-framework\\src\\Concerns\\RoutesRequests.php(355): Laravel\\Lumen\\Application->callControllerCallable(Array, Array)
#24 C:\\xampp\\htdocs\\matrimonial\\vendor\\laravel\\lumen-framework\\src\\Concerns\\RoutesRequests.php(329): Laravel\\Lumen\\Application->callLumenController(Object(App\\Http\\Controllers\\loginController), 'adminLogin', Array)
#25 C:\\xampp\\htdocs\\matrimonial\\vendor\\laravel\\lumen-framework\\src\\Concerns\\RoutesRequests.php(282): Laravel\\Lumen\\Application->callControllerAction(Array)
#26 C:\\xampp\\htdocs\\matrimonial\\vendor\\laravel\\lumen-framework\\src\\Concerns\\RoutesRequests.php(267): Laravel\\Lumen\\Application->callActionOnArrayBasedRoute(Array)
#27 C:\\xampp\\htdocs\\matrimonial\\vendor\\laravel\\lumen-framework\\src\\Concerns\\RoutesRequests.php(169): Laravel\\Lumen\\Application->handleFoundRoute(Array)
#28 C:\\xampp\\htdocs\\matrimonial\\vendor\\laravel\\lumen-framework\\src\\Routing\\Pipeline.php(48): Laravel\\Lumen\\Application->Laravel\\Lumen\\Concerns\\{closure}(Object(Laravel\\Lumen\\Http\\Request))
#29 C:\\xampp\\htdocs\\matrimonial\\app\\Http\\Middleware\\CorsMiddleware.php(28): Laravel\\Lumen\\Routing\\Pipeline->Laravel\\Lumen\\Routing\\{closure}(Object(Laravel\\Lumen\\Http\\Request))
#30 C:\\xampp\\htdocs\\matrimonial\\vendor\\illuminate\\pipeline\\Pipeline.php(167): App\\Http\\Middleware\\CorsMiddleware->handle(Object(Laravel\\Lumen\\Http\\Request), Object(Closure))
#31 C:\\xampp\\htdocs\\matrimonial\\vendor\\laravel\\lumen-framework\\src\\Routing\\Pipeline.php(30): Illuminate\\Pipeline\\Pipeline->Illuminate\\Pipeline\\{closure}(Object(Laravel\\Lumen\\Http\\Request))
#32 C:\\xampp\\htdocs\\matrimonial\\app\\Http\\Middleware\\ExampleMiddleware.php(18): Laravel\\Lumen\\Routing\\Pipeline->Laravel\\Lumen\\Routing\\{closure}(Object(Laravel\\Lumen\\Http\\Request))
#33 C:\\xampp\\htdocs\\matrimonial\\vendor\\illuminate\\pipeline\\Pipeline.php(167): App\\Http\\Middleware\\ExampleMiddleware->handle(Object(Laravel\\Lumen\\Http\\Request), Object(Closure))
#34 C:\\xampp\\htdocs\\matrimonial\\vendor\\laravel\\lumen-framework\\src\\Routing\\Pipeline.php(30): Illuminate\\Pipeline\\Pipeline->Illuminate\\Pipeline\\{closure}(Object(Laravel\\Lumen\\Http\\Request))
#35 C:\\xampp\\htdocs\\matrimonial\\vendor\\illuminate\\pipeline\\Pipeline.php(103): Laravel\\Lumen\\Routing\\Pipeline->Laravel\\Lumen\\Routing\\{closure}(Object(Laravel\\Lumen\\Http\\Request))
#36 C:\\xampp\\htdocs\\matrimonial\\vendor\\laravel\\lumen-framework\\src\\Concerns\\RoutesRequests.php(426): Illuminate\\Pipeline\\Pipeline->then(Object(Closure))
#37 C:\\xampp\\htdocs\\matrimonial\\vendor\\laravel\\lumen-framework\\src\\Concerns\\RoutesRequests.php(175): Laravel\\Lumen\\Application->sendThroughPipeline(Array, Object(Closure))
#38 C:\\xampp\\htdocs\\matrimonial\\vendor\\laravel\\lumen-framework\\src\\Concerns\\RoutesRequests.php(112): Laravel\\Lumen\\Application->dispatch(NULL)
#39 C:\\xampp\\htdocs\\matrimonial\\public\\index.php(28): Laravel\\Lumen\\Application->run()
#40 {main}

[previous exception] [object] (PDOException(code: 0): PDO::__construct(): php_network_getaddresses: getaddrinfo failed: No such host is known.  at C:\\xampp\\htdocs\\matrimonial\\vendor\\illuminate\\database\\Connectors\\Connector.php:70)
[stacktrace]
#0 C:\\xampp\\htdocs\\matrimonial\\vendor\\illuminate\\database\\Connectors\\Connector.php(70): PDO->__construct('mysql:host=http...', 'root', '', Array)
#1 C:\\xampp\\htdocs\\matrimonial\\vendor\\illuminate\\database\\Connectors\\Connector.php(46): Illuminate\\Database\\Connectors\\Connector->createPdoConnection('mysql:host=http...', 'root', '', Array)
#2 C:\\xampp\\htdocs\\matrimonial\\vendor\\illuminate\\database\\Connectors\\MySqlConnector.php(24): Illuminate\\Database\\Connectors\\Connector->createConnection('mysql:host=http...', Array, Array)
#3 C:\\xampp\\htdocs\\matrimonial\\vendor\\illuminate\\database\\Connectors\\ConnectionFactory.php(184): Illuminate\\Database\\Connectors\\MySqlConnector->connect(Array)
#4 [internal function]: Illuminate\\Database\\Connectors\\ConnectionFactory->Illuminate\\Database\\Connectors\\{closure}()
#5 C:\\xampp\\htdocs\\matrimonial\\vendor\\illuminate\\database\\Connection.php(1064): call_user_func(Object(Closure))
#6 C:\\xampp\\htdocs\\matrimonial\\vendor\\illuminate\\database\\Connection.php(1100): Illuminate\\Database\\Connection->getPdo()
#7 C:\\xampp\\htdocs\\matrimonial\\vendor\\illuminate\\database\\Connection.php(442): Illuminate\\Database\\Connection->getReadPdo()
#8 C:\\xampp\\htdocs\\matrimonial\\vendor\\illuminate\\database\\Connection.php(368): Illuminate\\Database\\Connection->getPdoForSelect(true)
#9 C:\\xampp\\htdocs\\matrimonial\\vendor\\illuminate\\database\\Connection.php(705): Illuminate\\Database\\Connection->Illuminate\\Database\\{closure}('select * from `...', Array)
#10 C:\\xampp\\htdocs\\matrimonial\\vendor\\illuminate\\database\\Connection.php(672): Illuminate\\Database\\Connection->runQueryCallback('select * from `...', Array, Object(Closure))
#11 C:\\xampp\\htdocs\\matrimonial\\vendor\\illuminate\\database\\Connection.php(376): Illuminate\\Database\\Connection->run('select * from `...', Array, Object(Closure))
#12 C:\\xampp\\htdocs\\matrimonial\\vendor\\illuminate\\database\\Query\\Builder.php(2414): Illuminate\\Database\\Connection->select('select * from `...', Array, true)
#13 C:\\xampp\\htdocs\\matrimonial\\vendor\\illuminate\\database\\Query\\Builder.php(2402): Illuminate\\Database\\Query\\Builder->runSelect()
#14 C:\\xampp\\htdocs\\matrimonial\\vendor\\illuminate\\database\\Query\\Builder.php(2936): Illuminate\\Database\\Query\\Builder->Illuminate\\Database\\Query\\{closure}()
#15 C:\\xampp\\htdocs\\matrimonial\\vendor\\illuminate\\database\\Query\\Builder.php(2403): Illuminate\\Database\\Query\\Builder->onceWithColumns(Array, Object(Closure))
#16 C:\\xampp\\htdocs\\matrimonial\\app\\Http\\Controllers\\loginController.php(20): Illuminate\\Database\\Query\\Builder->get()
#17 C:\\xampp\\htdocs\\matrimonial\\vendor\\illuminate\\container\\BoundMethod.php(36): App\\Http\\Controllers\\loginController->adminLogin()
#18 C:\\xampp\\htdocs\\matrimonial\\vendor\\illuminate\\container\\Util.php(40): Illuminate\\Container\\BoundMethod::Illuminate\\Container\\{closure}()
#19 C:\\xampp\\htdocs\\matrimonial\\vendor\\illuminate\\container\\BoundMethod.php(93): Illuminate\\Container\\Util::unwrapIfClosure(Object(Closure))
#20 C:\\xampp\\htdocs\\matrimonial\\vendor\\illuminate\\container\\BoundMethod.php(37): Illuminate\\Container\\BoundMethod::callBoundMethod(Object(Laravel\\Lumen\\Application), Array, Object(Closure))
#21 C:\\xampp\\htdocs\\matrimonial\\vendor\\illuminate\\container\\Container.php(653): Illuminate\\Container\\BoundMethod::call(Object(Laravel\\Lumen\\Application), Array, Array, NULL)
#22 C:\\xampp\\htdocs\\matrimonial\\vendor\\laravel\\lumen-framework\\src\\Concerns\\RoutesRequests.php(389): Illuminate\\Container\\Container->call(Array, Array)
#23 C:\\xampp\\htdocs\\matrimonial\\vendor\\laravel\\lumen-framework\\src\\Concerns\\RoutesRequests.php(355): Laravel\\Lumen\\Application->callControllerCallable(Array, Array)
#24 C:\\xampp\\htdocs\\matrimonial\\vendor\\laravel\\lumen-framework\\src\\Concerns\\RoutesRequests.php(329): Laravel\\Lumen\\Application->callLumenController(Object(App\\Http\\Controllers\\loginController), 'adminLogin', Array)
#25 C:\\xampp\\htdocs\\matrimonial\\vendor\\laravel\\lumen-framework\\src\\Concerns\\RoutesRequests.php(282): Laravel\\Lumen\\Application->callControllerAction(Array)
#26 C:\\xampp\\htdocs\\matrimonial\\vendor\\laravel\\lumen-framework\\src\\Concerns\\RoutesRequests.php(267): Laravel\\Lumen\\Application->callActionOnArrayBasedRoute(Array)
#27 C:\\xampp\\htdocs\\matrimonial\\vendor\\laravel\\lumen-framework\\src\\Concerns\\RoutesRequests.php(169): Laravel\\Lumen\\Application->handleFoundRoute(Array)
#28 C:\\xampp\\htdocs\\matrimonial\\vendor\\laravel\\lumen-framework\\src\\Routing\\Pipeline.php(48): Laravel\\Lumen\\Application->Laravel\\Lumen\\Concerns\\{closure}(Object(Laravel\\Lumen\\Http\\Request))
#29 C:\\xampp\\htdocs\\matrimonial\\app\\Http\\Middleware\\CorsMiddleware.php(28): Laravel\\Lumen\\Routing\\Pipeline->Laravel\\Lumen\\Routing\\{closure}(Object(Laravel\\Lumen\\Http\\Request))
#30 C:\\xampp\\htdocs\\matrimonial\\vendor\\illuminate\\pipeline\\Pipeline.php(167): App\\Http\\Middleware\\CorsMiddleware->handle(Object(Laravel\\Lumen\\Http\\Request), Object(Closure))
#31 C:\\xampp\\htdocs\\matrimonial\\vendor\\laravel\\lumen-framework\\src\\Routing\\Pipeline.php(30): Illuminate\\Pipeline\\Pipeline->Illuminate\\Pipeline\\{closure}(Object(Laravel\\Lumen\\Http\\Request))
#32 C:\\xampp\\htdocs\\matrimonial\\app\\Http\\Middleware\\ExampleMiddleware.php(18): Laravel\\Lumen\\Routing\\Pipeline->Laravel\\Lumen\\Routing\\{closure}(Object(Laravel\\Lumen\\Http\\Request))
#33 C:\\xampp\\htdocs\\matrimonial\\vendor\\illuminate\\pipeline\\Pipeline.php(167): App\\Http\\Middleware\\ExampleMiddleware->handle(Object(Laravel\\Lumen\\Http\\Request), Object(Closure))
#34 C:\\xampp\\htdocs\\matrimonial\\vendor\\laravel\\lumen-framework\\src\\Routing\\Pipeline.php(30): Illuminate\\Pipeline\\Pipeline->Illuminate\\Pipeline\\{closure}(Object(Laravel\\Lumen\\Http\\Request))
#35 C:\\xampp\\htdocs\\matrimonial\\vendor\\illuminate\\pipeline\\Pipeline.php(103): Laravel\\Lumen\\Routing\\Pipeline->Laravel\\Lumen\\Routing\\{closure}(Object(Laravel\\Lumen\\Http\\Request))
#36 C:\\xampp\\htdocs\\matrimonial\\vendor\\laravel\\lumen-framework\\src\\Concerns\\RoutesRequests.php(426): Illuminate\\Pipeline\\Pipeline->then(Object(Closure))
#37 C:\\xampp\\htdocs\\matrimonial\\vendor\\laravel\\lumen-framework\\src\\Concerns\\RoutesRequests.php(175): Laravel\\Lumen\\Application->sendThroughPipeline(Array, Object(Closure))
#38 C:\\xampp\\htdocs\\matrimonial\\vendor\\laravel\\lumen-framework\\src\\Concerns\\RoutesRequests.php(112): Laravel\\Lumen\\Application->dispatch(NULL)
#39 C:\\xampp\\htdocs\\matrimonial\\public\\index.php(28): Laravel\\Lumen\\Application->run()
#40 {main}
"} 
[2023-05-29 05:53:45] local.ERROR: SQLSTATE[HY000] [2002] php_network_getaddresses: getaddrinfo failed: No such host is known.  (SQL: select * from `Admin` where `UserId` = Gyana@123) {"exception":"[object] (Illuminate\\Database\\QueryException(code: 2002): SQLSTATE[HY000] [2002] php_network_getaddresses: getaddrinfo failed: No such host is known.  (SQL: select * from `Admin` where `UserId` = Gyana@123) at C:\\xampp\\htdocs\\matrimonial\\vendor\\illuminate\\database\\Connection.php:712)
[stacktrace]
#0 C:\\xampp\\htdocs\\matrimonial\\vendor\\illuminate\\database\\Connection.php(672): Illuminate\\Database\\Connection->runQueryCallback('select * from `...', Array, Object(Closure))
#1 C:\\xampp\\htdocs\\matrimonial\\vendor\\illuminate\\database\\Connection.php(376): Illuminate\\Database\\Connection->run('select * from `...', Array, Object(Closure))
#2 C:\\xampp\\htdocs\\matrimonial\\vendor\\illuminate\\database\\Query\\Builder.php(2414): Illuminate\\Database\\Connection->select('select * from `...', Array, true)
#3 C:\\xampp\\htdocs\\matrimonial\\vendor\\illuminate\\database\\Query\\Builder.php(2402): Illuminate\\Database\\Query\\Builder->runSelect()
#4 C:\\xampp\\htdocs\\matrimonial\\vendor\\illuminate\\database\\Query\\Builder.php(2936): Illuminate\\Database\\Query\\Builder->Illuminate\\Database\\Query\\{closure}()
#5 C:\\xampp\\htdocs\\matrimonial\\vendor\\illuminate\\database\\Query\\Builder.php(2403): Illuminate\\Database\\Query\\Builder->onceWithColumns(Array, Object(Closure))
#6 C:\\xampp\\htdocs\\matrimonial\\app\\Http\\Controllers\\loginController.php(20): Illuminate\\Database\\Query\\Builder->get()
#7 C:\\xampp\\htdocs\\matrimonial\\vendor\\illuminate\\container\\BoundMethod.php(36): App\\Http\\Controllers\\loginController->adminLogin()
#8 C:\\xampp\\htdocs\\matrimonial\\vendor\\illuminate\\container\\Util.php(40): Illuminate\\Container\\BoundMethod::Illuminate\\Container\\{closure}()
#9 C:\\xampp\\htdocs\\matrimonial\\vendor\\illuminate\\container\\BoundMethod.php(93): Illuminate\\Container\\Util::unwrapIfClosure(Object(Closure))
#10 C:\\xampp\\htdocs\\matrimonial\\vendor\\illuminate\\container\\BoundMethod.php(37): Illuminate\\Container\\BoundMethod::callBoundMethod(Object(Laravel\\Lumen\\Application), Array, Object(Closure))
#11 C:\\xampp\\htdocs\\matrimonial\\vendor\\illuminate\\container\\Container.php(653): Illuminate\\Container\\BoundMethod::call(Object(Laravel\\Lumen\\Application), Array, Array, NULL)
#12 C:\\xampp\\htdocs\\matrimonial\\vendor\\laravel\\lumen-framework\\src\\Concerns\\RoutesRequests.php(389): Illuminate\\Container\\Container->call(Array, Array)
#13 C:\\xampp\\htdocs\\matrimonial\\vendor\\laravel\\lumen-framework\\src\\Concerns\\RoutesRequests.php(355): Laravel\\Lumen\\Application->callControllerCallable(Array, Array)
#14 C:\\xampp\\htdocs\\matrimonial\\vendor\\laravel\\lumen-framework\\src\\Concerns\\RoutesRequests.php(329): Laravel\\Lumen\\Application->callLumenController(Object(App\\Http\\Controllers\\loginController), 'adminLogin', Array)
#15 C:\\xampp\\htdocs\\matrimonial\\vendor\\laravel\\lumen-framework\\src\\Concerns\\RoutesRequests.php(282): Laravel\\Lumen\\Application->callControllerAction(Array)
#16 C:\\xampp\\htdocs\\matrimonial\\vendor\\laravel\\lumen-framework\\src\\Concerns\\RoutesRequests.php(267): Laravel\\Lumen\\Application->callActionOnArrayBasedRoute(Array)
#17 C:\\xampp\\htdocs\\matrimonial\\vendor\\laravel\\lumen-framework\\src\\Concerns\\RoutesRequests.php(169): Laravel\\Lumen\\Application->handleFoundRoute(Array)
#18 C:\\xampp\\htdocs\\matrimonial\\vendor\\laravel\\lumen-framework\\src\\Routing\\Pipeline.php(48): Laravel\\Lumen\\Application->Laravel\\Lumen\\Concerns\\{closure}(Object(Laravel\\Lumen\\Http\\Request))
#19 C:\\xampp\\htdocs\\matrimonial\\app\\Http\\Middleware\\CorsMiddleware.php(28): Laravel\\Lumen\\Routing\\Pipeline->Laravel\\Lumen\\Routing\\{closure}(Object(Laravel\\Lumen\\Http\\Request))
#20 C:\\xampp\\htdocs\\matrimonial\\vendor\\illuminate\\pipeline\\Pipeline.php(167): App\\Http\\Middleware\\CorsMiddleware->handle(Object(Laravel\\Lumen\\Http\\Request), Object(Closure))
#21 C:\\xampp\\htdocs\\matrimonial\\vendor\\laravel\\lumen-framework\\src\\Routing\\Pipeline.php(30): Illuminate\\Pipeline\\Pipeline->Illuminate\\Pipeline\\{closure}(Object(Laravel\\Lumen\\Http\\Request))
#22 C:\\xampp\\htdocs\\matrimonial\\app\\Http\\Middleware\\ExampleMiddleware.php(18): Laravel\\Lumen\\Routing\\Pipeline->Laravel\\Lumen\\Routing\\{closure}(Object(Laravel\\Lumen\\Http\\Request))
#23 C:\\xampp\\htdocs\\matrimonial\\vendor\\illuminate\\pipeline\\Pipeline.php(167): App\\Http\\Middleware\\ExampleMiddleware->handle(Object(Laravel\\Lumen\\Http\\Request), Object(Closure))
#24 C:\\xampp\\htdocs\\matrimonial\\vendor\\laravel\\lumen-framework\\src\\Routing\\Pipeline.php(30): Illuminate\\Pipeline\\Pipeline->Illuminate\\Pipeline\\{closure}(Object(Laravel\\Lumen\\Http\\Request))
#25 C:\\xampp\\htdocs\\matrimonial\\vendor\\illuminate\\pipeline\\Pipeline.php(103): Laravel\\Lumen\\Routing\\Pipeline->Laravel\\Lumen\\Routing\\{closure}(Object(Laravel\\Lumen\\Http\\Request))
#26 C:\\xampp\\htdocs\\matrimonial\\vendor\\laravel\\lumen-framework\\src\\Concerns\\RoutesRequests.php(426): Illuminate\\Pipeline\\Pipeline->then(Object(Closure))
#27 C:\\xampp\\htdocs\\matrimonial\\vendor\\laravel\\lumen-framework\\src\\Concerns\\RoutesRequests.php(175): Laravel\\Lumen\\Application->sendThroughPipeline(Array, Object(Closure))
#28 C:\\xampp\\htdocs\\matrimonial\\vendor\\laravel\\lumen-framework\\src\\Concerns\\RoutesRequests.php(112): Laravel\\Lumen\\Application->dispatch(NULL)
#29 C:\\xampp\\htdocs\\matrimonial\\public\\index.php(28): Laravel\\Lumen\\Application->run()
#30 {main}

[previous exception] [object] (PDOException(code: 2002): SQLSTATE[HY000] [2002] php_network_getaddresses: getaddrinfo failed: No such host is known.  at C:\\xampp\\htdocs\\matrimonial\\vendor\\illuminate\\database\\Connectors\\Connector.php:70)
[stacktrace]
#0 C:\\xampp\\htdocs\\matrimonial\\vendor\\illuminate\\database\\Connectors\\Connector.php(70): PDO->__construct('mysql:host=http...', 'root', '', Array)
#1 C:\\xampp\\htdocs\\matrimonial\\vendor\\illuminate\\database\\Connectors\\Connector.php(46): Illuminate\\Database\\Connectors\\Connector->createPdoConnection('mysql:host=http...', 'root', '', Array)
#2 C:\\xampp\\htdocs\\matrimonial\\vendor\\illuminate\\database\\Connectors\\MySqlConnector.php(24): Illuminate\\Database\\Connectors\\Connector->createConnection('mysql:host=http...', Array, Array)
#3 C:\\xampp\\htdocs\\matrimonial\\vendor\\illuminate\\database\\Connectors\\ConnectionFactory.php(184): Illuminate\\Database\\Connectors\\MySqlConnector->connect(Array)
#4 [internal function]: Illuminate\\Database\\Connectors\\ConnectionFactory->Illuminate\\Database\\Connectors\\{closure}()
#5 C:\\xampp\\htdocs\\matrimonial\\vendor\\illuminate\\database\\Connection.php(1064): call_user_func(Object(Closure))
#6 C:\\xampp\\htdocs\\matrimonial\\vendor\\illuminate\\database\\Connection.php(1100): Illuminate\\Database\\Connection->getPdo()
#7 C:\\xampp\\htdocs\\matrimonial\\vendor\\illuminate\\database\\Connection.php(442): Illuminate\\Database\\Connection->getReadPdo()
#8 C:\\xampp\\htdocs\\matrimonial\\vendor\\illuminate\\database\\Connection.php(368): Illuminate\\Database\\Connection->getPdoForSelect(true)
#9 C:\\xampp\\htdocs\\matrimonial\\vendor\\illuminate\\database\\Connection.php(705): Illuminate\\Database\\Connection->Illuminate\\Database\\{closure}('select * from `...', Array)
#10 C:\\xampp\\htdocs\\matrimonial\\vendor\\illuminate\\database\\Connection.php(672): Illuminate\\Database\\Connection->runQueryCallback('select * from `...', Array, Object(Closure))
#11 C:\\xampp\\htdocs\\matrimonial\\vendor\\illuminate\\database\\Connection.php(376): Illuminate\\Database\\Connection->run('select * from `...', Array, Object(Closure))
#12 C:\\xampp\\htdocs\\matrimonial\\vendor\\illuminate\\database\\Query\\Builder.php(2414): Illuminate\\Database\\Connection->select('select * from `...', Array, true)
#13 C:\\xampp\\htdocs\\matrimonial\\vendor\\illuminate\\database\\Query\\Builder.php(2402): Illuminate\\Database\\Query\\Builder->runSelect()
#14 C:\\xampp\\htdocs\\matrimonial\\vendor\\illuminate\\database\\Query\\Builder.php(2936): Illuminate\\Database\\Query\\Builder->Illuminate\\Database\\Query\\{closure}()
#15 C:\\xampp\\htdocs\\matrimonial\\vendor\\illuminate\\database\\Query\\Builder.php(2403): Illuminate\\Database\\Query\\Builder->onceWithColumns(Array, Object(Closure))
#16 C:\\xampp\\htdocs\\matrimonial\\app\\Http\\Controllers\\loginController.php(20): Illuminate\\Database\\Query\\Builder->get()
#17 C:\\xampp\\htdocs\\matrimonial\\vendor\\illuminate\\container\\BoundMethod.php(36): App\\Http\\Controllers\\loginController->adminLogin()
#18 C:\\xampp\\htdocs\\matrimonial\\vendor\\illuminate\\container\\Util.php(40): Illuminate\\Container\\BoundMethod::Illuminate\\Container\\{closure}()
#19 C:\\xampp\\htdocs\\matrimonial\\vendor\\illuminate\\container\\BoundMethod.php(93): Illuminate\\Container\\Util::unwrapIfClosure(Object(Closure))
#20 C:\\xampp\\htdocs\\matrimonial\\vendor\\illuminate\\container\\BoundMethod.php(37): Illuminate\\Container\\BoundMethod::callBoundMethod(Object(Laravel\\Lumen\\Application), Array, Object(Closure))
#21 C:\\xampp\\htdocs\\matrimonial\\vendor\\illuminate\\container\\Container.php(653): Illuminate\\Container\\BoundMethod::call(Object(Laravel\\Lumen\\Application), Array, Array, NULL)
#22 C:\\xampp\\htdocs\\matrimonial\\vendor\\laravel\\lumen-framework\\src\\Concerns\\RoutesRequests.php(389): Illuminate\\Container\\Container->call(Array, Array)
#23 C:\\xampp\\htdocs\\matrimonial\\vendor\\laravel\\lumen-framework\\src\\Concerns\\RoutesRequests.php(355): Laravel\\Lumen\\Application->callControllerCallable(Array, Array)
#24 C:\\xampp\\htdocs\\matrimonial\\vendor\\laravel\\lumen-framework\\src\\Concerns\\RoutesRequests.php(329): Laravel\\Lumen\\Application->callLumenController(Object(App\\Http\\Controllers\\loginController), 'adminLogin', Array)
#25 C:\\xampp\\htdocs\\matrimonial\\vendor\\laravel\\lumen-framework\\src\\Concerns\\RoutesRequests.php(282): Laravel\\Lumen\\Application->callControllerAction(Array)
#26 C:\\xampp\\htdocs\\matrimonial\\vendor\\laravel\\lumen-framework\\src\\Concerns\\RoutesRequests.php(267): Laravel\\Lumen\\Application->callActionOnArrayBasedRoute(Array)
#27 C:\\xampp\\htdocs\\matrimonial\\vendor\\laravel\\lumen-framework\\src\\Concerns\\RoutesRequests.php(169): Laravel\\Lumen\\Application->handleFoundRoute(Array)
#28 C:\\xampp\\htdocs\\matrimonial\\vendor\\laravel\\lumen-framework\\src\\Routing\\Pipeline.php(48): Laravel\\Lumen\\Application->Laravel\\Lumen\\Concerns\\{closure}(Object(Laravel\\Lumen\\Http\\Request))
#29 C:\\xampp\\htdocs\\matrimonial\\app\\Http\\Middleware\\CorsMiddleware.php(28): Laravel\\Lumen\\Routing\\Pipeline->Laravel\\Lumen\\Routing\\{closure}(Object(Laravel\\Lumen\\Http\\Request))
#30 C:\\xampp\\htdocs\\matrimonial\\vendor\\illuminate\\pipeline\\Pipeline.php(167): App\\Http\\Middleware\\CorsMiddleware->handle(Object(Laravel\\Lumen\\Http\\Request), Object(Closure))
#31 C:\\xampp\\htdocs\\matrimonial\\vendor\\laravel\\lumen-framework\\src\\Routing\\Pipeline.php(30): Illuminate\\Pipeline\\Pipeline->Illuminate\\Pipeline\\{closure}(Object(Laravel\\Lumen\\Http\\Request))
#32 C:\\xampp\\htdocs\\matrimonial\\app\\Http\\Middleware\\ExampleMiddleware.php(18): Laravel\\Lumen\\Routing\\Pipeline->Laravel\\Lumen\\Routing\\{closure}(Object(Laravel\\Lumen\\Http\\Request))
#33 C:\\xampp\\htdocs\\matrimonial\\vendor\\illuminate\\pipeline\\Pipeline.php(167): App\\Http\\Middleware\\ExampleMiddleware->handle(Object(Laravel\\Lumen\\Http\\Request), Object(Closure))
#34 C:\\xampp\\htdocs\\matrimonial\\vendor\\laravel\\lumen-framework\\src\\Routing\\Pipeline.php(30): Illuminate\\Pipeline\\Pipeline->Illuminate\\Pipeline\\{closure}(Object(Laravel\\Lumen\\Http\\Request))
#35 C:\\xampp\\htdocs\\matrimonial\\vendor\\illuminate\\pipeline\\Pipeline.php(103): Laravel\\Lumen\\Routing\\Pipeline->Laravel\\Lumen\\Routing\\{closure}(Object(Laravel\\Lumen\\Http\\Request))
#36 C:\\xampp\\htdocs\\matrimonial\\vendor\\laravel\\lumen-framework\\src\\Concerns\\RoutesRequests.php(426): Illuminate\\Pipeline\\Pipeline->then(Object(Closure))
#37 C:\\xampp\\htdocs\\matrimonial\\vendor\\laravel\\lumen-framework\\src\\Concerns\\RoutesRequests.php(175): Laravel\\Lumen\\Application->sendThroughPipeline(Array, Object(Closure))
#38 C:\\xampp\\htdocs\\matrimonial\\vendor\\laravel\\lumen-framework\\src\\Concerns\\RoutesRequests.php(112): Laravel\\Lumen\\Application->dispatch(NULL)
#39 C:\\xampp\\htdocs\\matrimonial\\public\\index.php(28): Laravel\\Lumen\\Application->run()
#40 {main}

[previous exception] [object] (PDOException(code: 0): PDO::__construct(): php_network_getaddresses: getaddrinfo failed: No such host is known.  at C:\\xampp\\htdocs\\matrimonial\\vendor\\illuminate\\database\\Connectors\\Connector.php:70)
[stacktrace]
#0 C:\\xampp\\htdocs\\matrimonial\\vendor\\illuminate\\database\\Connectors\\Connector.php(70): PDO->__construct('mysql:host=http...', 'root', '', Array)
#1 C:\\xampp\\htdocs\\matrimonial\\vendor\\illuminate\\database\\Connectors\\Connector.php(46): Illuminate\\Database\\Connectors\\Connector->createPdoConnection('mysql:host=http...', 'root', '', Array)
#2 C:\\xampp\\htdocs\\matrimonial\\vendor\\illuminate\\database\\Connectors\\MySqlConnector.php(24): Illuminate\\Database\\Connectors\\Connector->createConnection('mysql:host=http...', Array, Array)
#3 C:\\xampp\\htdocs\\matrimonial\\vendor\\illuminate\\database\\Connectors\\ConnectionFactory.php(184): Illuminate\\Database\\Connectors\\MySqlConnector->connect(Array)
#4 [internal function]: Illuminate\\Database\\Connectors\\ConnectionFactory->Illuminate\\Database\\Connectors\\{closure}()
#5 C:\\xampp\\htdocs\\matrimonial\\vendor\\illuminate\\database\\Connection.php(1064): call_user_func(Object(Closure))
#6 C:\\xampp\\htdocs\\matrimonial\\vendor\\illuminate\\database\\Connection.php(1100): Illuminate\\Database\\Connection->getPdo()
#7 C:\\xampp\\htdocs\\matrimonial\\vendor\\illuminate\\database\\Connection.php(442): Illuminate\\Database\\Connection->getReadPdo()
#8 C:\\xampp\\htdocs\\matrimonial\\vendor\\illuminate\\database\\Connection.php(368): Illuminate\\Database\\Connection->getPdoForSelect(true)
#9 C:\\xampp\\htdocs\\matrimonial\\vendor\\illuminate\\database\\Connection.php(705): Illuminate\\Database\\Connection->Illuminate\\Database\\{closure}('select * from `...', Array)
#10 C:\\xampp\\htdocs\\matrimonial\\vendor\\illuminate\\database\\Connection.php(672): Illuminate\\Database\\Connection->runQueryCallback('select * from `...', Array, Object(Closure))
#11 C:\\xampp\\htdocs\\matrimonial\\vendor\\illuminate\\database\\Connection.php(376): Illuminate\\Database\\Connection->run('select * from `...', Array, Object(Closure))
#12 C:\\xampp\\htdocs\\matrimonial\\vendor\\illuminate\\database\\Query\\Builder.php(2414): Illuminate\\Database\\Connection->select('select * from `...', Array, true)
#13 C:\\xampp\\htdocs\\matrimonial\\vendor\\illuminate\\database\\Query\\Builder.php(2402): Illuminate\\Database\\Query\\Builder->runSelect()
#14 C:\\xampp\\htdocs\\matrimonial\\vendor\\illuminate\\database\\Query\\Builder.php(2936): Illuminate\\Database\\Query\\Builder->Illuminate\\Database\\Query\\{closure}()
#15 C:\\xampp\\htdocs\\matrimonial\\vendor\\illuminate\\database\\Query\\Builder.php(2403): Illuminate\\Database\\Query\\Builder->onceWithColumns(Array, Object(Closure))
#16 C:\\xampp\\htdocs\\matrimonial\\app\\Http\\Controllers\\loginController.php(20): Illuminate\\Database\\Query\\Builder->get()
#17 C:\\xampp\\htdocs\\matrimonial\\vendor\\illuminate\\container\\BoundMethod.php(36): App\\Http\\Controllers\\loginController->adminLogin()
#18 C:\\xampp\\htdocs\\matrimonial\\vendor\\illuminate\\container\\Util.php(40): Illuminate\\Container\\BoundMethod::Illuminate\\Container\\{closure}()
#19 C:\\xampp\\htdocs\\matrimonial\\vendor\\illuminate\\container\\BoundMethod.php(93): Illuminate\\Container\\Util::unwrapIfClosure(Object(Closure))
#20 C:\\xampp\\htdocs\\matrimonial\\vendor\\illuminate\\container\\BoundMethod.php(37): Illuminate\\Container\\BoundMethod::callBoundMethod(Object(Laravel\\Lumen\\Application), Array, Object(Closure))
#21 C:\\xampp\\htdocs\\matrimonial\\vendor\\illuminate\\container\\Container.php(653): Illuminate\\Container\\BoundMethod::call(Object(Laravel\\Lumen\\Application), Array, Array, NULL)
#22 C:\\xampp\\htdocs\\matrimonial\\vendor\\laravel\\lumen-framework\\src\\Concerns\\RoutesRequests.php(389): Illuminate\\Container\\Container->call(Array, Array)
#23 C:\\xampp\\htdocs\\matrimonial\\vendor\\laravel\\lumen-framework\\src\\Concerns\\RoutesRequests.php(355): Laravel\\Lumen\\Application->callControllerCallable(Array, Array)
#24 C:\\xampp\\htdocs\\matrimonial\\vendor\\laravel\\lumen-framework\\src\\Concerns\\RoutesRequests.php(329): Laravel\\Lumen\\Application->callLumenController(Object(App\\Http\\Controllers\\loginController), 'adminLogin', Array)
#25 C:\\xampp\\htdocs\\matrimonial\\vendor\\laravel\\lumen-framework\\src\\Concerns\\RoutesRequests.php(282): Laravel\\Lumen\\Application->callControllerAction(Array)
#26 C:\\xampp\\htdocs\\matrimonial\\vendor\\laravel\\lumen-framework\\src\\Concerns\\RoutesRequests.php(267): Laravel\\Lumen\\Application->callActionOnArrayBasedRoute(Array)
#27 C:\\xampp\\htdocs\\matrimonial\\vendor\\laravel\\lumen-framework\\src\\Concerns\\RoutesRequests.php(169): Laravel\\Lumen\\Application->handleFoundRoute(Array)
#28 C:\\xampp\\htdocs\\matrimonial\\vendor\\laravel\\lumen-framework\\src\\Routing\\Pipeline.php(48): Laravel\\Lumen\\Application->Laravel\\Lumen\\Concerns\\{closure}(Object(Laravel\\Lumen\\Http\\Request))
#29 C:\\xampp\\htdocs\\matrimonial\\app\\Http\\Middleware\\CorsMiddleware.php(28): Laravel\\Lumen\\Routing\\Pipeline->Laravel\\Lumen\\Routing\\{closure}(Object(Laravel\\Lumen\\Http\\Request))
#30 C:\\xampp\\htdocs\\matrimonial\\vendor\\illuminate\\pipeline\\Pipeline.php(167): App\\Http\\Middleware\\CorsMiddleware->handle(Object(Laravel\\Lumen\\Http\\Request), Object(Closure))
#31 C:\\xampp\\htdocs\\matrimonial\\vendor\\laravel\\lumen-framework\\src\\Routing\\Pipeline.php(30): Illuminate\\Pipeline\\Pipeline->Illuminate\\Pipeline\\{closure}(Object(Laravel\\Lumen\\Http\\Request))
#32 C:\\xampp\\htdocs\\matrimonial\\app\\Http\\Middleware\\ExampleMiddleware.php(18): Laravel\\Lumen\\Routing\\Pipeline->Laravel\\Lumen\\Routing\\{closure}(Object(Laravel\\Lumen\\Http\\Request))
#33 C:\\xampp\\htdocs\\matrimonial\\vendor\\illuminate\\pipeline\\Pipeline.php(167): App\\Http\\Middleware\\ExampleMiddleware->handle(Object(Laravel\\Lumen\\Http\\Request), Object(Closure))
#34 C:\\xampp\\htdocs\\matrimonial\\vendor\\laravel\\lumen-framework\\src\\Routing\\Pipeline.php(30): Illuminate\\Pipeline\\Pipeline->Illuminate\\Pipeline\\{closure}(Object(Laravel\\Lumen\\Http\\Request))
#35 C:\\xampp\\htdocs\\matrimonial\\vendor\\illuminate\\pipeline\\Pipeline.php(103): Laravel\\Lumen\\Routing\\Pipeline->Laravel\\Lumen\\Routing\\{closure}(Object(Laravel\\Lumen\\Http\\Request))
#36 C:\\xampp\\htdocs\\matrimonial\\vendor\\laravel\\lumen-framework\\src\\Concerns\\RoutesRequests.php(426): Illuminate\\Pipeline\\Pipeline->then(Object(Closure))
#37 C:\\xampp\\htdocs\\matrimonial\\vendor\\laravel\\lumen-framework\\src\\Concerns\\RoutesRequests.php(175): Laravel\\Lumen\\Application->sendThroughPipeline(Array, Object(Closure))
#38 C:\\xampp\\htdocs\\matrimonial\\vendor\\laravel\\lumen-framework\\src\\Concerns\\RoutesRequests.php(112): Laravel\\Lumen\\Application->dispatch(NULL)
#39 C:\\xampp\\htdocs\\matrimonial\\public\\index.php(28): Laravel\\Lumen\\Application->run()
#40 {main}
"} 
[2023-05-29 05:54:37] local.ERROR: SQLSTATE[HY000] [2002] php_network_getaddresses: getaddrinfo failed: No such host is known.  (SQL: select * from `Admin` where `UserId` = Gyana@123) {"exception":"[object] (Illuminate\\Database\\QueryException(code: 2002): SQLSTATE[HY000] [2002] php_network_getaddresses: getaddrinfo failed: No such host is known.  (SQL: select * from `Admin` where `UserId` = Gyana@123) at C:\\xampp\\htdocs\\matrimonial\\vendor\\illuminate\\database\\Connection.php:712)
[stacktrace]
#0 C:\\xampp\\htdocs\\matrimonial\\vendor\\illuminate\\database\\Connection.php(672): Illuminate\\Database\\Connection->runQueryCallback('select * from `...', Array, Object(Closure))
#1 C:\\xampp\\htdocs\\matrimonial\\vendor\\illuminate\\database\\Connection.php(376): Illuminate\\Database\\Connection->run('select * from `...', Array, Object(Closure))
#2 C:\\xampp\\htdocs\\matrimonial\\vendor\\illuminate\\database\\Query\\Builder.php(2414): Illuminate\\Database\\Connection->select('select * from `...', Array, true)
#3 C:\\xampp\\htdocs\\matrimonial\\vendor\\illuminate\\database\\Query\\Builder.php(2402): Illuminate\\Database\\Query\\Builder->runSelect()
#4 C:\\xampp\\htdocs\\matrimonial\\vendor\\illuminate\\database\\Query\\Builder.php(2936): Illuminate\\Database\\Query\\Builder->Illuminate\\Database\\Query\\{closure}()
#5 C:\\xampp\\htdocs\\matrimonial\\vendor\\illuminate\\database\\Query\\Builder.php(2403): Illuminate\\Database\\Query\\Builder->onceWithColumns(Array, Object(Closure))
#6 C:\\xampp\\htdocs\\matrimonial\\app\\Http\\Controllers\\loginController.php(20): Illuminate\\Database\\Query\\Builder->get()
#7 C:\\xampp\\htdocs\\matrimonial\\vendor\\illuminate\\container\\BoundMethod.php(36): App\\Http\\Controllers\\loginController->adminLogin()
#8 C:\\xampp\\htdocs\\matrimonial\\vendor\\illuminate\\container\\Util.php(40): Illuminate\\Container\\BoundMethod::Illuminate\\Container\\{closure}()
#9 C:\\xampp\\htdocs\\matrimonial\\vendor\\illuminate\\container\\BoundMethod.php(93): Illuminate\\Container\\Util::unwrapIfClosure(Object(Closure))
#10 C:\\xampp\\htdocs\\matrimonial\\vendor\\illuminate\\container\\BoundMethod.php(37): Illuminate\\Container\\BoundMethod::callBoundMethod(Object(Laravel\\Lumen\\Application), Array, Object(Closure))
#11 C:\\xampp\\htdocs\\matrimonial\\vendor\\illuminate\\container\\Container.php(653): Illuminate\\Container\\BoundMethod::call(Object(Laravel\\Lumen\\Application), Array, Array, NULL)
#12 C:\\xampp\\htdocs\\matrimonial\\vendor\\laravel\\lumen-framework\\src\\Concerns\\RoutesRequests.php(389): Illuminate\\Container\\Container->call(Array, Array)
#13 C:\\xampp\\htdocs\\matrimonial\\vendor\\laravel\\lumen-framework\\src\\Concerns\\RoutesRequests.php(355): Laravel\\Lumen\\Application->callControllerCallable(Array, Array)
#14 C:\\xampp\\htdocs\\matrimonial\\vendor\\laravel\\lumen-framework\\src\\Concerns\\RoutesRequests.php(329): Laravel\\Lumen\\Application->callLumenController(Object(App\\Http\\Controllers\\loginController), 'adminLogin', Array)
#15 C:\\xampp\\htdocs\\matrimonial\\vendor\\laravel\\lumen-framework\\src\\Concerns\\RoutesRequests.php(282): Laravel\\Lumen\\Application->callControllerAction(Array)
#16 C:\\xampp\\htdocs\\matrimonial\\vendor\\laravel\\lumen-framework\\src\\Concerns\\RoutesRequests.php(267): Laravel\\Lumen\\Application->callActionOnArrayBasedRoute(Array)
#17 C:\\xampp\\htdocs\\matrimonial\\vendor\\laravel\\lumen-framework\\src\\Concerns\\RoutesRequests.php(169): Laravel\\Lumen\\Application->handleFoundRoute(Array)
#18 C:\\xampp\\htdocs\\matrimonial\\vendor\\laravel\\lumen-framework\\src\\Routing\\Pipeline.php(48): Laravel\\Lumen\\Application->Laravel\\Lumen\\Concerns\\{closure}(Object(Laravel\\Lumen\\Http\\Request))
#19 C:\\xampp\\htdocs\\matrimonial\\app\\Http\\Middleware\\CorsMiddleware.php(28): Laravel\\Lumen\\Routing\\Pipeline->Laravel\\Lumen\\Routing\\{closure}(Object(Laravel\\Lumen\\Http\\Request))
#20 C:\\xampp\\htdocs\\matrimonial\\vendor\\illuminate\\pipeline\\Pipeline.php(167): App\\Http\\Middleware\\CorsMiddleware->handle(Object(Laravel\\Lumen\\Http\\Request), Object(Closure))
#21 C:\\xampp\\htdocs\\matrimonial\\vendor\\laravel\\lumen-framework\\src\\Routing\\Pipeline.php(30): Illuminate\\Pipeline\\Pipeline->Illuminate\\Pipeline\\{closure}(Object(Laravel\\Lumen\\Http\\Request))
#22 C:\\xampp\\htdocs\\matrimonial\\app\\Http\\Middleware\\ExampleMiddleware.php(18): Laravel\\Lumen\\Routing\\Pipeline->Laravel\\Lumen\\Routing\\{closure}(Object(Laravel\\Lumen\\Http\\Request))
#23 C:\\xampp\\htdocs\\matrimonial\\vendor\\illuminate\\pipeline\\Pipeline.php(167): App\\Http\\Middleware\\ExampleMiddleware->handle(Object(Laravel\\Lumen\\Http\\Request), Object(Closure))
#24 C:\\xampp\\htdocs\\matrimonial\\vendor\\laravel\\lumen-framework\\src\\Routing\\Pipeline.php(30): Illuminate\\Pipeline\\Pipeline->Illuminate\\Pipeline\\{closure}(Object(Laravel\\Lumen\\Http\\Request))
#25 C:\\xampp\\htdocs\\matrimonial\\vendor\\illuminate\\pipeline\\Pipeline.php(103): Laravel\\Lumen\\Routing\\Pipeline->Laravel\\Lumen\\Routing\\{closure}(Object(Laravel\\Lumen\\Http\\Request))
#26 C:\\xampp\\htdocs\\matrimonial\\vendor\\laravel\\lumen-framework\\src\\Concerns\\RoutesRequests.php(426): Illuminate\\Pipeline\\Pipeline->then(Object(Closure))
#27 C:\\xampp\\htdocs\\matrimonial\\vendor\\laravel\\lumen-framework\\src\\Concerns\\RoutesRequests.php(175): Laravel\\Lumen\\Application->sendThroughPipeline(Array, Object(Closure))
#28 C:\\xampp\\htdocs\\matrimonial\\vendor\\laravel\\lumen-framework\\src\\Concerns\\RoutesRequests.php(112): Laravel\\Lumen\\Application->dispatch(NULL)
#29 C:\\xampp\\htdocs\\matrimonial\\public\\index.php(28): Laravel\\Lumen\\Application->run()
#30 {main}

[previous exception] [object] (PDOException(code: 2002): SQLSTATE[HY000] [2002] php_network_getaddresses: getaddrinfo failed: No such host is known.  at C:\\xampp\\htdocs\\matrimonial\\vendor\\illuminate\\database\\Connectors\\Connector.php:70)
[stacktrace]
#0 C:\\xampp\\htdocs\\matrimonial\\vendor\\illuminate\\database\\Connectors\\Connector.php(70): PDO->__construct('mysql:host=http...', 'root', '', Array)
#1 C:\\xampp\\htdocs\\matrimonial\\vendor\\illuminate\\database\\Connectors\\Connector.php(46): Illuminate\\Database\\Connectors\\Connector->createPdoConnection('mysql:host=http...', 'root', '', Array)
#2 C:\\xampp\\htdocs\\matrimonial\\vendor\\illuminate\\database\\Connectors\\MySqlConnector.php(24): Illuminate\\Database\\Connectors\\Connector->createConnection('mysql:host=http...', Array, Array)
#3 C:\\xampp\\htdocs\\matrimonial\\vendor\\illuminate\\database\\Connectors\\ConnectionFactory.php(184): Illuminate\\Database\\Connectors\\MySqlConnector->connect(Array)
#4 [internal function]: Illuminate\\Database\\Connectors\\ConnectionFactory->Illuminate\\Database\\Connectors\\{closure}()
#5 C:\\xampp\\htdocs\\matrimonial\\vendor\\illuminate\\database\\Connection.php(1064): call_user_func(Object(Closure))
#6 C:\\xampp\\htdocs\\matrimonial\\vendor\\illuminate\\database\\Connection.php(1100): Illuminate\\Database\\Connection->getPdo()
#7 C:\\xampp\\htdocs\\matrimonial\\vendor\\illuminate\\database\\Connection.php(442): Illuminate\\Database\\Connection->getReadPdo()
#8 C:\\xampp\\htdocs\\matrimonial\\vendor\\illuminate\\database\\Connection.php(368): Illuminate\\Database\\Connection->getPdoForSelect(true)
#9 C:\\xampp\\htdocs\\matrimonial\\vendor\\illuminate\\database\\Connection.php(705): Illuminate\\Database\\Connection->Illuminate\\Database\\{closure}('select * from `...', Array)
#10 C:\\xampp\\htdocs\\matrimonial\\vendor\\illuminate\\database\\Connection.php(672): Illuminate\\Database\\Connection->runQueryCallback('select * from `...', Array, Object(Closure))
#11 C:\\xampp\\htdocs\\matrimonial\\vendor\\illuminate\\database\\Connection.php(376): Illuminate\\Database\\Connection->run('select * from `...', Array, Object(Closure))
#12 C:\\xampp\\htdocs\\matrimonial\\vendor\\illuminate\\database\\Query\\Builder.php(2414): Illuminate\\Database\\Connection->select('select * from `...', Array, true)
#13 C:\\xampp\\htdocs\\matrimonial\\vendor\\illuminate\\database\\Query\\Builder.php(2402): Illuminate\\Database\\Query\\Builder->runSelect()
#14 C:\\xampp\\htdocs\\matrimonial\\vendor\\illuminate\\database\\Query\\Builder.php(2936): Illuminate\\Database\\Query\\Builder->Illuminate\\Database\\Query\\{closure}()
#15 C:\\xampp\\htdocs\\matrimonial\\vendor\\illuminate\\database\\Query\\Builder.php(2403): Illuminate\\Database\\Query\\Builder->onceWithColumns(Array, Object(Closure))
#16 C:\\xampp\\htdocs\\matrimonial\\app\\Http\\Controllers\\loginController.php(20): Illuminate\\Database\\Query\\Builder->get()
#17 C:\\xampp\\htdocs\\matrimonial\\vendor\\illuminate\\container\\BoundMethod.php(36): App\\Http\\Controllers\\loginController->adminLogin()
#18 C:\\xampp\\htdocs\\matrimonial\\vendor\\illuminate\\container\\Util.php(40): Illuminate\\Container\\BoundMethod::Illuminate\\Container\\{closure}()
#19 C:\\xampp\\htdocs\\matrimonial\\vendor\\illuminate\\container\\BoundMethod.php(93): Illuminate\\Container\\Util::unwrapIfClosure(Object(Closure))
#20 C:\\xampp\\htdocs\\matrimonial\\vendor\\illuminate\\container\\BoundMethod.php(37): Illuminate\\Container\\BoundMethod::callBoundMethod(Object(Laravel\\Lumen\\Application), Array, Object(Closure))
#21 C:\\xampp\\htdocs\\matrimonial\\vendor\\illuminate\\container\\Container.php(653): Illuminate\\Container\\BoundMethod::call(Object(Laravel\\Lumen\\Application), Array, Array, NULL)
#22 C:\\xampp\\htdocs\\matrimonial\\vendor\\laravel\\lumen-framework\\src\\Concerns\\RoutesRequests.php(389): Illuminate\\Container\\Container->call(Array, Array)
#23 C:\\xampp\\htdocs\\matrimonial\\vendor\\laravel\\lumen-framework\\src\\Concerns\\RoutesRequests.php(355): Laravel\\Lumen\\Application->callControllerCallable(Array, Array)
#24 C:\\xampp\\htdocs\\matrimonial\\vendor\\laravel\\lumen-framework\\src\\Concerns\\RoutesRequests.php(329): Laravel\\Lumen\\Application->callLumenController(Object(App\\Http\\Controllers\\loginController), 'adminLogin', Array)
#25 C:\\xampp\\htdocs\\matrimonial\\vendor\\laravel\\lumen-framework\\src\\Concerns\\RoutesRequests.php(282): Laravel\\Lumen\\Application->callControllerAction(Array)
#26 C:\\xampp\\htdocs\\matrimonial\\vendor\\laravel\\lumen-framework\\src\\Concerns\\RoutesRequests.php(267): Laravel\\Lumen\\Application->callActionOnArrayBasedRoute(Array)
#27 C:\\xampp\\htdocs\\matrimonial\\vendor\\laravel\\lumen-framework\\src\\Concerns\\RoutesRequests.php(169): Laravel\\Lumen\\Application->handleFoundRoute(Array)
#28 C:\\xampp\\htdocs\\matrimonial\\vendor\\laravel\\lumen-framework\\src\\Routing\\Pipeline.php(48): Laravel\\Lumen\\Application->Laravel\\Lumen\\Concerns\\{closure}(Object(Laravel\\Lumen\\Http\\Request))
#29 C:\\xampp\\htdocs\\matrimonial\\app\\Http\\Middleware\\CorsMiddleware.php(28): Laravel\\Lumen\\Routing\\Pipeline->Laravel\\Lumen\\Routing\\{closure}(Object(Laravel\\Lumen\\Http\\Request))
#30 C:\\xampp\\htdocs\\matrimonial\\vendor\\illuminate\\pipeline\\Pipeline.php(167): App\\Http\\Middleware\\CorsMiddleware->handle(Object(Laravel\\Lumen\\Http\\Request), Object(Closure))
#31 C:\\xampp\\htdocs\\matrimonial\\vendor\\laravel\\lumen-framework\\src\\Routing\\Pipeline.php(30): Illuminate\\Pipeline\\Pipeline->Illuminate\\Pipeline\\{closure}(Object(Laravel\\Lumen\\Http\\Request))
#32 C:\\xampp\\htdocs\\matrimonial\\app\\Http\\Middleware\\ExampleMiddleware.php(18): Laravel\\Lumen\\Routing\\Pipeline->Laravel\\Lumen\\Routing\\{closure}(Object(Laravel\\Lumen\\Http\\Request))
#33 C:\\xampp\\htdocs\\matrimonial\\vendor\\illuminate\\pipeline\\Pipeline.php(167): App\\Http\\Middleware\\ExampleMiddleware->handle(Object(Laravel\\Lumen\\Http\\Request), Object(Closure))
#34 C:\\xampp\\htdocs\\matrimonial\\vendor\\laravel\\lumen-framework\\src\\Routing\\Pipeline.php(30): Illuminate\\Pipeline\\Pipeline->Illuminate\\Pipeline\\{closure}(Object(Laravel\\Lumen\\Http\\Request))
#35 C:\\xampp\\htdocs\\matrimonial\\vendor\\illuminate\\pipeline\\Pipeline.php(103): Laravel\\Lumen\\Routing\\Pipeline->Laravel\\Lumen\\Routing\\{closure}(Object(Laravel\\Lumen\\Http\\Request))
#36 C:\\xampp\\htdocs\\matrimonial\\vendor\\laravel\\lumen-framework\\src\\Concerns\\RoutesRequests.php(426): Illuminate\\Pipeline\\Pipeline->then(Object(Closure))
#37 C:\\xampp\\htdocs\\matrimonial\\vendor\\laravel\\lumen-framework\\src\\Concerns\\RoutesRequests.php(175): Laravel\\Lumen\\Application->sendThroughPipeline(Array, Object(Closure))
#38 C:\\xampp\\htdocs\\matrimonial\\vendor\\laravel\\lumen-framework\\src\\Concerns\\RoutesRequests.php(112): Laravel\\Lumen\\Application->dispatch(NULL)
#39 C:\\xampp\\htdocs\\matrimonial\\public\\index.php(28): Laravel\\Lumen\\Application->run()
#40 {main}

[previous exception] [object] (PDOException(code: 0): PDO::__construct(): php_network_getaddresses: getaddrinfo failed: No such host is known.  at C:\\xampp\\htdocs\\matrimonial\\vendor\\illuminate\\database\\Connectors\\Connector.php:70)
[stacktrace]
#0 C:\\xampp\\htdocs\\matrimonial\\vendor\\illuminate\\database\\Connectors\\Connector.php(70): PDO->__construct('mysql:host=http...', 'root', '', Array)
#1 C:\\xampp\\htdocs\\matrimonial\\vendor\\illuminate\\database\\Connectors\\Connector.php(46): Illuminate\\Database\\Connectors\\Connector->createPdoConnection('mysql:host=http...', 'root', '', Array)
#2 C:\\xampp\\htdocs\\matrimonial\\vendor\\illuminate\\database\\Connectors\\MySqlConnector.php(24): Illuminate\\Database\\Connectors\\Connector->createConnection('mysql:host=http...', Array, Array)
#3 C:\\xampp\\htdocs\\matrimonial\\vendor\\illuminate\\database\\Connectors\\ConnectionFactory.php(184): Illuminate\\Database\\Connectors\\MySqlConnector->connect(Array)
#4 [internal function]: Illuminate\\Database\\Connectors\\ConnectionFactory->Illuminate\\Database\\Connectors\\{closure}()
#5 C:\\xampp\\htdocs\\matrimonial\\vendor\\illuminate\\database\\Connection.php(1064): call_user_func(Object(Closure))
#6 C:\\xampp\\htdocs\\matrimonial\\vendor\\illuminate\\database\\Connection.php(1100): Illuminate\\Database\\Connection->getPdo()
#7 C:\\xampp\\htdocs\\matrimonial\\vendor\\illuminate\\database\\Connection.php(442): Illuminate\\Database\\Connection->getReadPdo()
#8 C:\\xampp\\htdocs\\matrimonial\\vendor\\illuminate\\database\\Connection.php(368): Illuminate\\Database\\Connection->getPdoForSelect(true)
#9 C:\\xampp\\htdocs\\matrimonial\\vendor\\illuminate\\database\\Connection.php(705): Illuminate\\Database\\Connection->Illuminate\\Database\\{closure}('select * from `...', Array)
#10 C:\\xampp\\htdocs\\matrimonial\\vendor\\illuminate\\database\\Connection.php(672): Illuminate\\Database\\Connection->runQueryCallback('select * from `...', Array, Object(Closure))
#11 C:\\xampp\\htdocs\\matrimonial\\vendor\\illuminate\\database\\Connection.php(376): Illuminate\\Database\\Connection->run('select * from `...', Array, Object(Closure))
#12 C:\\xampp\\htdocs\\matrimonial\\vendor\\illuminate\\database\\Query\\Builder.php(2414): Illuminate\\Database\\Connection->select('select * from `...', Array, true)
#13 C:\\xampp\\htdocs\\matrimonial\\vendor\\illuminate\\database\\Query\\Builder.php(2402): Illuminate\\Database\\Query\\Builder->runSelect()
#14 C:\\xampp\\htdocs\\matrimonial\\vendor\\illuminate\\database\\Query\\Builder.php(2936): Illuminate\\Database\\Query\\Builder->Illuminate\\Database\\Query\\{closure}()
#15 C:\\xampp\\htdocs\\matrimonial\\vendor\\illuminate\\database\\Query\\Builder.php(2403): Illuminate\\Database\\Query\\Builder->onceWithColumns(Array, Object(Closure))
#16 C:\\xampp\\htdocs\\matrimonial\\app\\Http\\Controllers\\loginController.php(20): Illuminate\\Database\\Query\\Builder->get()
#17 C:\\xampp\\htdocs\\matrimonial\\vendor\\illuminate\\container\\BoundMethod.php(36): App\\Http\\Controllers\\loginController->adminLogin()
#18 C:\\xampp\\htdocs\\matrimonial\\vendor\\illuminate\\container\\Util.php(40): Illuminate\\Container\\BoundMethod::Illuminate\\Container\\{closure}()
#19 C:\\xampp\\htdocs\\matrimonial\\vendor\\illuminate\\container\\BoundMethod.php(93): Illuminate\\Container\\Util::unwrapIfClosure(Object(Closure))
#20 C:\\xampp\\htdocs\\matrimonial\\vendor\\illuminate\\container\\BoundMethod.php(37): Illuminate\\Container\\BoundMethod::callBoundMethod(Object(Laravel\\Lumen\\Application), Array, Object(Closure))
#21 C:\\xampp\\htdocs\\matrimonial\\vendor\\illuminate\\container\\Container.php(653): Illuminate\\Container\\BoundMethod::call(Object(Laravel\\Lumen\\Application), Array, Array, NULL)
#22 C:\\xampp\\htdocs\\matrimonial\\vendor\\laravel\\lumen-framework\\src\\Concerns\\RoutesRequests.php(389): Illuminate\\Container\\Container->call(Array, Array)
#23 C:\\xampp\\htdocs\\matrimonial\\vendor\\laravel\\lumen-framework\\src\\Concerns\\RoutesRequests.php(355): Laravel\\Lumen\\Application->callControllerCallable(Array, Array)
#24 C:\\xampp\\htdocs\\matrimonial\\vendor\\laravel\\lumen-framework\\src\\Concerns\\RoutesRequests.php(329): Laravel\\Lumen\\Application->callLumenController(Object(App\\Http\\Controllers\\loginController), 'adminLogin', Array)
#25 C:\\xampp\\htdocs\\matrimonial\\vendor\\laravel\\lumen-framework\\src\\Concerns\\RoutesRequests.php(282): Laravel\\Lumen\\Application->callControllerAction(Array)
#26 C:\\xampp\\htdocs\\matrimonial\\vendor\\laravel\\lumen-framework\\src\\Concerns\\RoutesRequests.php(267): Laravel\\Lumen\\Application->callActionOnArrayBasedRoute(Array)
#27 C:\\xampp\\htdocs\\matrimonial\\vendor\\laravel\\lumen-framework\\src\\Concerns\\RoutesRequests.php(169): Laravel\\Lumen\\Application->handleFoundRoute(Array)
#28 C:\\xampp\\htdocs\\matrimonial\\vendor\\laravel\\lumen-framework\\src\\Routing\\Pipeline.php(48): Laravel\\Lumen\\Application->Laravel\\Lumen\\Concerns\\{closure}(Object(Laravel\\Lumen\\Http\\Request))
#29 C:\\xampp\\htdocs\\matrimonial\\app\\Http\\Middleware\\CorsMiddleware.php(28): Laravel\\Lumen\\Routing\\Pipeline->Laravel\\Lumen\\Routing\\{closure}(Object(Laravel\\Lumen\\Http\\Request))
#30 C:\\xampp\\htdocs\\matrimonial\\vendor\\illuminate\\pipeline\\Pipeline.php(167): App\\Http\\Middleware\\CorsMiddleware->handle(Object(Laravel\\Lumen\\Http\\Request), Object(Closure))
#31 C:\\xampp\\htdocs\\matrimonial\\vendor\\laravel\\lumen-framework\\src\\Routing\\Pipeline.php(30): Illuminate\\Pipeline\\Pipeline->Illuminate\\Pipeline\\{closure}(Object(Laravel\\Lumen\\Http\\Request))
#32 C:\\xampp\\htdocs\\matrimonial\\app\\Http\\Middleware\\ExampleMiddleware.php(18): Laravel\\Lumen\\Routing\\Pipeline->Laravel\\Lumen\\Routing\\{closure}(Object(Laravel\\Lumen\\Http\\Request))
#33 C:\\xampp\\htdocs\\matrimonial\\vendor\\illuminate\\pipeline\\Pipeline.php(167): App\\Http\\Middleware\\ExampleMiddleware->handle(Object(Laravel\\Lumen\\Http\\Request), Object(Closure))
#34 C:\\xampp\\htdocs\\matrimonial\\vendor\\laravel\\lumen-framework\\src\\Routing\\Pipeline.php(30): Illuminate\\Pipeline\\Pipeline->Illuminate\\Pipeline\\{closure}(Object(Laravel\\Lumen\\Http\\Request))
#35 C:\\xampp\\htdocs\\matrimonial\\vendor\\illuminate\\pipeline\\Pipeline.php(103): Laravel\\Lumen\\Routing\\Pipeline->Laravel\\Lumen\\Routing\\{closure}(Object(Laravel\\Lumen\\Http\\Request))
#36 C:\\xampp\\htdocs\\matrimonial\\vendor\\laravel\\lumen-framework\\src\\Concerns\\RoutesRequests.php(426): Illuminate\\Pipeline\\Pipeline->then(Object(Closure))
#37 C:\\xampp\\htdocs\\matrimonial\\vendor\\laravel\\lumen-framework\\src\\Concerns\\RoutesRequests.php(175): Laravel\\Lumen\\Application->sendThroughPipeline(Array, Object(Closure))
#38 C:\\xampp\\htdocs\\matrimonial\\vendor\\laravel\\lumen-framework\\src\\Concerns\\RoutesRequests.php(112): Laravel\\Lumen\\Application->dispatch(NULL)
#39 C:\\xampp\\htdocs\\matrimonial\\public\\index.php(28): Laravel\\Lumen\\Application->run()
#40 {main}
"} 
[2023-05-29 05:56:38] local.ERROR: SQLSTATE[HY000] [2002] php_network_getaddresses: getaddrinfo failed: No such host is known.  (SQL: select * from `Admin` where `UserId` = Gyana@123) {"exception":"[object] (Illuminate\\Database\\QueryException(code: 2002): SQLSTATE[HY000] [2002] php_network_getaddresses: getaddrinfo failed: No such host is known.  (SQL: select * from `Admin` where `UserId` = Gyana@123) at C:\\xampp\\htdocs\\matrimonial\\vendor\\illuminate\\database\\Connection.php:712)
[stacktrace]
#0 C:\\xampp\\htdocs\\matrimonial\\vendor\\illuminate\\database\\Connection.php(672): Illuminate\\Database\\Connection->runQueryCallback('select * from `...', Array, Object(Closure))
#1 C:\\xampp\\htdocs\\matrimonial\\vendor\\illuminate\\database\\Connection.php(376): Illuminate\\Database\\Connection->run('select * from `...', Array, Object(Closure))
#2 C:\\xampp\\htdocs\\matrimonial\\vendor\\illuminate\\database\\Query\\Builder.php(2414): Illuminate\\Database\\Connection->select('select * from `...', Array, true)
#3 C:\\xampp\\htdocs\\matrimonial\\vendor\\illuminate\\database\\Query\\Builder.php(2402): Illuminate\\Database\\Query\\Builder->runSelect()
#4 C:\\xampp\\htdocs\\matrimonial\\vendor\\illuminate\\database\\Query\\Builder.php(2936): Illuminate\\Database\\Query\\Builder->Illuminate\\Database\\Query\\{closure}()
#5 C:\\xampp\\htdocs\\matrimonial\\vendor\\illuminate\\database\\Query\\Builder.php(2403): Illuminate\\Database\\Query\\Builder->onceWithColumns(Array, Object(Closure))
#6 C:\\xampp\\htdocs\\matrimonial\\app\\Http\\Controllers\\loginController.php(20): Illuminate\\Database\\Query\\Builder->get()
#7 C:\\xampp\\htdocs\\matrimonial\\vendor\\illuminate\\container\\BoundMethod.php(36): App\\Http\\Controllers\\loginController->adminLogin()
#8 C:\\xampp\\htdocs\\matrimonial\\vendor\\illuminate\\container\\Util.php(40): Illuminate\\Container\\BoundMethod::Illuminate\\Container\\{closure}()
#9 C:\\xampp\\htdocs\\matrimonial\\vendor\\illuminate\\container\\BoundMethod.php(93): Illuminate\\Container\\Util::unwrapIfClosure(Object(Closure))
#10 C:\\xampp\\htdocs\\matrimonial\\vendor\\illuminate\\container\\BoundMethod.php(37): Illuminate\\Container\\BoundMethod::callBoundMethod(Object(Laravel\\Lumen\\Application), Array, Object(Closure))
#11 C:\\xampp\\htdocs\\matrimonial\\vendor\\illuminate\\container\\Container.php(653): Illuminate\\Container\\BoundMethod::call(Object(Laravel\\Lumen\\Application), Array, Array, NULL)
#12 C:\\xampp\\htdocs\\matrimonial\\vendor\\laravel\\lumen-framework\\src\\Concerns\\RoutesRequests.php(389): Illuminate\\Container\\Container->call(Array, Array)
#13 C:\\xampp\\htdocs\\matrimonial\\vendor\\laravel\\lumen-framework\\src\\Concerns\\RoutesRequests.php(355): Laravel\\Lumen\\Application->callControllerCallable(Array, Array)
#14 C:\\xampp\\htdocs\\matrimonial\\vendor\\laravel\\lumen-framework\\src\\Concerns\\RoutesRequests.php(329): Laravel\\Lumen\\Application->callLumenController(Object(App\\Http\\Controllers\\loginController), 'adminLogin', Array)
#15 C:\\xampp\\htdocs\\matrimonial\\vendor\\laravel\\lumen-framework\\src\\Concerns\\RoutesRequests.php(282): Laravel\\Lumen\\Application->callControllerAction(Array)
#16 C:\\xampp\\htdocs\\matrimonial\\vendor\\laravel\\lumen-framework\\src\\Concerns\\RoutesRequests.php(267): Laravel\\Lumen\\Application->callActionOnArrayBasedRoute(Array)
#17 C:\\xampp\\htdocs\\matrimonial\\vendor\\laravel\\lumen-framework\\src\\Concerns\\RoutesRequests.php(169): Laravel\\Lumen\\Application->handleFoundRoute(Array)
#18 C:\\xampp\\htdocs\\matrimonial\\vendor\\laravel\\lumen-framework\\src\\Routing\\Pipeline.php(48): Laravel\\Lumen\\Application->Laravel\\Lumen\\Concerns\\{closure}(Object(Laravel\\Lumen\\Http\\Request))
#19 C:\\xampp\\htdocs\\matrimonial\\app\\Http\\Middleware\\CorsMiddleware.php(28): Laravel\\Lumen\\Routing\\Pipeline->Laravel\\Lumen\\Routing\\{closure}(Object(Laravel\\Lumen\\Http\\Request))
#20 C:\\xampp\\htdocs\\matrimonial\\vendor\\illuminate\\pipeline\\Pipeline.php(167): App\\Http\\Middleware\\CorsMiddleware->handle(Object(Laravel\\Lumen\\Http\\Request), Object(Closure))
#21 C:\\xampp\\htdocs\\matrimonial\\vendor\\laravel\\lumen-framework\\src\\Routing\\Pipeline.php(30): Illuminate\\Pipeline\\Pipeline->Illuminate\\Pipeline\\{closure}(Object(Laravel\\Lumen\\Http\\Request))
#22 C:\\xampp\\htdocs\\matrimonial\\app\\Http\\Middleware\\ExampleMiddleware.php(18): Laravel\\Lumen\\Routing\\Pipeline->Laravel\\Lumen\\Routing\\{closure}(Object(Laravel\\Lumen\\Http\\Request))
#23 C:\\xampp\\htdocs\\matrimonial\\vendor\\illuminate\\pipeline\\Pipeline.php(167): App\\Http\\Middleware\\ExampleMiddleware->handle(Object(Laravel\\Lumen\\Http\\Request), Object(Closure))
#24 C:\\xampp\\htdocs\\matrimonial\\vendor\\laravel\\lumen-framework\\src\\Routing\\Pipeline.php(30): Illuminate\\Pipeline\\Pipeline->Illuminate\\Pipeline\\{closure}(Object(Laravel\\Lumen\\Http\\Request))
#25 C:\\xampp\\htdocs\\matrimonial\\vendor\\illuminate\\pipeline\\Pipeline.php(103): Laravel\\Lumen\\Routing\\Pipeline->Laravel\\Lumen\\Routing\\{closure}(Object(Laravel\\Lumen\\Http\\Request))
#26 C:\\xampp\\htdocs\\matrimonial\\vendor\\laravel\\lumen-framework\\src\\Concerns\\RoutesRequests.php(426): Illuminate\\Pipeline\\Pipeline->then(Object(Closure))
#27 C:\\xampp\\htdocs\\matrimonial\\vendor\\laravel\\lumen-framework\\src\\Concerns\\RoutesRequests.php(175): Laravel\\Lumen\\Application->sendThroughPipeline(Array, Object(Closure))
#28 C:\\xampp\\htdocs\\matrimonial\\vendor\\laravel\\lumen-framework\\src\\Concerns\\RoutesRequests.php(112): Laravel\\Lumen\\Application->dispatch(NULL)
#29 C:\\xampp\\htdocs\\matrimonial\\public\\index.php(28): Laravel\\Lumen\\Application->run()
#30 {main}

[previous exception] [object] (PDOException(code: 2002): SQLSTATE[HY000] [2002] php_network_getaddresses: getaddrinfo failed: No such host is known.  at C:\\xampp\\htdocs\\matrimonial\\vendor\\illuminate\\database\\Connectors\\Connector.php:70)
[stacktrace]
#0 C:\\xampp\\htdocs\\matrimonial\\vendor\\illuminate\\database\\Connectors\\Connector.php(70): PDO->__construct('mysql:host=http...', 'root', '', Array)
#1 C:\\xampp\\htdocs\\matrimonial\\vendor\\illuminate\\database\\Connectors\\Connector.php(46): Illuminate\\Database\\Connectors\\Connector->createPdoConnection('mysql:host=http...', 'root', '', Array)
#2 C:\\xampp\\htdocs\\matrimonial\\vendor\\illuminate\\database\\Connectors\\MySqlConnector.php(24): Illuminate\\Database\\Connectors\\Connector->createConnection('mysql:host=http...', Array, Array)
#3 C:\\xampp\\htdocs\\matrimonial\\vendor\\illuminate\\database\\Connectors\\ConnectionFactory.php(184): Illuminate\\Database\\Connectors\\MySqlConnector->connect(Array)
#4 [internal function]: Illuminate\\Database\\Connectors\\ConnectionFactory->Illuminate\\Database\\Connectors\\{closure}()
#5 C:\\xampp\\htdocs\\matrimonial\\vendor\\illuminate\\database\\Connection.php(1064): call_user_func(Object(Closure))
#6 C:\\xampp\\htdocs\\matrimonial\\vendor\\illuminate\\database\\Connection.php(1100): Illuminate\\Database\\Connection->getPdo()
#7 C:\\xampp\\htdocs\\matrimonial\\vendor\\illuminate\\database\\Connection.php(442): Illuminate\\Database\\Connection->getReadPdo()
#8 C:\\xampp\\htdocs\\matrimonial\\vendor\\illuminate\\database\\Connection.php(368): Illuminate\\Database\\Connection->getPdoForSelect(true)
#9 C:\\xampp\\htdocs\\matrimonial\\vendor\\illuminate\\database\\Connection.php(705): Illuminate\\Database\\Connection->Illuminate\\Database\\{closure}('select * from `...', Array)
#10 C:\\xampp\\htdocs\\matrimonial\\vendor\\illuminate\\database\\Connection.php(672): Illuminate\\Database\\Connection->runQueryCallback('select * from `...', Array, Object(Closure))
#11 C:\\xampp\\htdocs\\matrimonial\\vendor\\illuminate\\database\\Connection.php(376): Illuminate\\Database\\Connection->run('select * from `...', Array, Object(Closure))
#12 C:\\xampp\\htdocs\\matrimonial\\vendor\\illuminate\\database\\Query\\Builder.php(2414): Illuminate\\Database\\Connection->select('select * from `...', Array, true)
#13 C:\\xampp\\htdocs\\matrimonial\\vendor\\illuminate\\database\\Query\\Builder.php(2402): Illuminate\\Database\\Query\\Builder->runSelect()
#14 C:\\xampp\\htdocs\\matrimonial\\vendor\\illuminate\\database\\Query\\Builder.php(2936): Illuminate\\Database\\Query\\Builder->Illuminate\\Database\\Query\\{closure}()
#15 C:\\xampp\\htdocs\\matrimonial\\vendor\\illuminate\\database\\Query\\Builder.php(2403): Illuminate\\Database\\Query\\Builder->onceWithColumns(Array, Object(Closure))
#16 C:\\xampp\\htdocs\\matrimonial\\app\\Http\\Controllers\\loginController.php(20): Illuminate\\Database\\Query\\Builder->get()
#17 C:\\xampp\\htdocs\\matrimonial\\vendor\\illuminate\\container\\BoundMethod.php(36): App\\Http\\Controllers\\loginController->adminLogin()
#18 C:\\xampp\\htdocs\\matrimonial\\vendor\\illuminate\\container\\Util.php(40): Illuminate\\Container\\BoundMethod::Illuminate\\Container\\{closure}()
#19 C:\\xampp\\htdocs\\matrimonial\\vendor\\illuminate\\container\\BoundMethod.php(93): Illuminate\\Container\\Util::unwrapIfClosure(Object(Closure))
#20 C:\\xampp\\htdocs\\matrimonial\\vendor\\illuminate\\container\\BoundMethod.php(37): Illuminate\\Container\\BoundMethod::callBoundMethod(Object(Laravel\\Lumen\\Application), Array, Object(Closure))
#21 C:\\xampp\\htdocs\\matrimonial\\vendor\\illuminate\\container\\Container.php(653): Illuminate\\Container\\BoundMethod::call(Object(Laravel\\Lumen\\Application), Array, Array, NULL)
#22 C:\\xampp\\htdocs\\matrimonial\\vendor\\laravel\\lumen-framework\\src\\Concerns\\RoutesRequests.php(389): Illuminate\\Container\\Container->call(Array, Array)
#23 C:\\xampp\\htdocs\\matrimonial\\vendor\\laravel\\lumen-framework\\src\\Concerns\\RoutesRequests.php(355): Laravel\\Lumen\\Application->callControllerCallable(Array, Array)
#24 C:\\xampp\\htdocs\\matrimonial\\vendor\\laravel\\lumen-framework\\src\\Concerns\\RoutesRequests.php(329): Laravel\\Lumen\\Application->callLumenController(Object(App\\Http\\Controllers\\loginController), 'adminLogin', Array)
#25 C:\\xampp\\htdocs\\matrimonial\\vendor\\laravel\\lumen-framework\\src\\Concerns\\RoutesRequests.php(282): Laravel\\Lumen\\Application->callControllerAction(Array)
#26 C:\\xampp\\htdocs\\matrimonial\\vendor\\laravel\\lumen-framework\\src\\Concerns\\RoutesRequests.php(267): Laravel\\Lumen\\Application->callActionOnArrayBasedRoute(Array)
#27 C:\\xampp\\htdocs\\matrimonial\\vendor\\laravel\\lumen-framework\\src\\Concerns\\RoutesRequests.php(169): Laravel\\Lumen\\Application->handleFoundRoute(Array)
#28 C:\\xampp\\htdocs\\matrimonial\\vendor\\laravel\\lumen-framework\\src\\Routing\\Pipeline.php(48): Laravel\\Lumen\\Application->Laravel\\Lumen\\Concerns\\{closure}(Object(Laravel\\Lumen\\Http\\Request))
#29 C:\\xampp\\htdocs\\matrimonial\\app\\Http\\Middleware\\CorsMiddleware.php(28): Laravel\\Lumen\\Routing\\Pipeline->Laravel\\Lumen\\Routing\\{closure}(Object(Laravel\\Lumen\\Http\\Request))
#30 C:\\xampp\\htdocs\\matrimonial\\vendor\\illuminate\\pipeline\\Pipeline.php(167): App\\Http\\Middleware\\CorsMiddleware->handle(Object(Laravel\\Lumen\\Http\\Request), Object(Closure))
#31 C:\\xampp\\htdocs\\matrimonial\\vendor\\laravel\\lumen-framework\\src\\Routing\\Pipeline.php(30): Illuminate\\Pipeline\\Pipeline->Illuminate\\Pipeline\\{closure}(Object(Laravel\\Lumen\\Http\\Request))
#32 C:\\xampp\\htdocs\\matrimonial\\app\\Http\\Middleware\\ExampleMiddleware.php(18): Laravel\\Lumen\\Routing\\Pipeline->Laravel\\Lumen\\Routing\\{closure}(Object(Laravel\\Lumen\\Http\\Request))
#33 C:\\xampp\\htdocs\\matrimonial\\vendor\\illuminate\\pipeline\\Pipeline.php(167): App\\Http\\Middleware\\ExampleMiddleware->handle(Object(Laravel\\Lumen\\Http\\Request), Object(Closure))
#34 C:\\xampp\\htdocs\\matrimonial\\vendor\\laravel\\lumen-framework\\src\\Routing\\Pipeline.php(30): Illuminate\\Pipeline\\Pipeline->Illuminate\\Pipeline\\{closure}(Object(Laravel\\Lumen\\Http\\Request))
#35 C:\\xampp\\htdocs\\matrimonial\\vendor\\illuminate\\pipeline\\Pipeline.php(103): Laravel\\Lumen\\Routing\\Pipeline->Laravel\\Lumen\\Routing\\{closure}(Object(Laravel\\Lumen\\Http\\Request))
#36 C:\\xampp\\htdocs\\matrimonial\\vendor\\laravel\\lumen-framework\\src\\Concerns\\RoutesRequests.php(426): Illuminate\\Pipeline\\Pipeline->then(Object(Closure))
#37 C:\\xampp\\htdocs\\matrimonial\\vendor\\laravel\\lumen-framework\\src\\Concerns\\RoutesRequests.php(175): Laravel\\Lumen\\Application->sendThroughPipeline(Array, Object(Closure))
#38 C:\\xampp\\htdocs\\matrimonial\\vendor\\laravel\\lumen-framework\\src\\Concerns\\RoutesRequests.php(112): Laravel\\Lumen\\Application->dispatch(NULL)
#39 C:\\xampp\\htdocs\\matrimonial\\public\\index.php(28): Laravel\\Lumen\\Application->run()
#40 {main}

[previous exception] [object] (PDOException(code: 0): PDO::__construct(): php_network_getaddresses: getaddrinfo failed: No such host is known.  at C:\\xampp\\htdocs\\matrimonial\\vendor\\illuminate\\database\\Connectors\\Connector.php:70)
[stacktrace]
#0 C:\\xampp\\htdocs\\matrimonial\\vendor\\illuminate\\database\\Connectors\\Connector.php(70): PDO->__construct('mysql:host=http...', 'root', '', Array)
#1 C:\\xampp\\htdocs\\matrimonial\\vendor\\illuminate\\database\\Connectors\\Connector.php(46): Illuminate\\Database\\Connectors\\Connector->createPdoConnection('mysql:host=http...', 'root', '', Array)
#2 C:\\xampp\\htdocs\\matrimonial\\vendor\\illuminate\\database\\Connectors\\MySqlConnector.php(24): Illuminate\\Database\\Connectors\\Connector->createConnection('mysql:host=http...', Array, Array)
#3 C:\\xampp\\htdocs\\matrimonial\\vendor\\illuminate\\database\\Connectors\\ConnectionFactory.php(184): Illuminate\\Database\\Connectors\\MySqlConnector->connect(Array)
#4 [internal function]: Illuminate\\Database\\Connectors\\ConnectionFactory->Illuminate\\Database\\Connectors\\{closure}()
#5 C:\\xampp\\htdocs\\matrimonial\\vendor\\illuminate\\database\\Connection.php(1064): call_user_func(Object(Closure))
#6 C:\\xampp\\htdocs\\matrimonial\\vendor\\illuminate\\database\\Connection.php(1100): Illuminate\\Database\\Connection->getPdo()
#7 C:\\xampp\\htdocs\\matrimonial\\vendor\\illuminate\\database\\Connection.php(442): Illuminate\\Database\\Connection->getReadPdo()
#8 C:\\xampp\\htdocs\\matrimonial\\vendor\\illuminate\\database\\Connection.php(368): Illuminate\\Database\\Connection->getPdoForSelect(true)
#9 C:\\xampp\\htdocs\\matrimonial\\vendor\\illuminate\\database\\Connection.php(705): Illuminate\\Database\\Connection->Illuminate\\Database\\{closure}('select * from `...', Array)
#10 C:\\xampp\\htdocs\\matrimonial\\vendor\\illuminate\\database\\Connection.php(672): Illuminate\\Database\\Connection->runQueryCallback('select * from `...', Array, Object(Closure))
#11 C:\\xampp\\htdocs\\matrimonial\\vendor\\illuminate\\database\\Connection.php(376): Illuminate\\Database\\Connection->run('select * from `...', Array, Object(Closure))
#12 C:\\xampp\\htdocs\\matrimonial\\vendor\\illuminate\\database\\Query\\Builder.php(2414): Illuminate\\Database\\Connection->select('select * from `...', Array, true)
#13 C:\\xampp\\htdocs\\matrimonial\\vendor\\illuminate\\database\\Query\\Builder.php(2402): Illuminate\\Database\\Query\\Builder->runSelect()
#14 C:\\xampp\\htdocs\\matrimonial\\vendor\\illuminate\\database\\Query\\Builder.php(2936): Illuminate\\Database\\Query\\Builder->Illuminate\\Database\\Query\\{closure}()
#15 C:\\xampp\\htdocs\\matrimonial\\vendor\\illuminate\\database\\Query\\Builder.php(2403): Illuminate\\Database\\Query\\Builder->onceWithColumns(Array, Object(Closure))
#16 C:\\xampp\\htdocs\\matrimonial\\app\\Http\\Controllers\\loginController.php(20): Illuminate\\Database\\Query\\Builder->get()
#17 C:\\xampp\\htdocs\\matrimonial\\vendor\\illuminate\\container\\BoundMethod.php(36): App\\Http\\Controllers\\loginController->adminLogin()
#18 C:\\xampp\\htdocs\\matrimonial\\vendor\\illuminate\\container\\Util.php(40): Illuminate\\Container\\BoundMethod::Illuminate\\Container\\{closure}()
#19 C:\\xampp\\htdocs\\matrimonial\\vendor\\illuminate\\container\\BoundMethod.php(93): Illuminate\\Container\\Util::unwrapIfClosure(Object(Closure))
#20 C:\\xampp\\htdocs\\matrimonial\\vendor\\illuminate\\container\\BoundMethod.php(37): Illuminate\\Container\\BoundMethod::callBoundMethod(Object(Laravel\\Lumen\\Application), Array, Object(Closure))
#21 C:\\xampp\\htdocs\\matrimonial\\vendor\\illuminate\\container\\Container.php(653): Illuminate\\Container\\BoundMethod::call(Object(Laravel\\Lumen\\Application), Array, Array, NULL)
#22 C:\\xampp\\htdocs\\matrimonial\\vendor\\laravel\\lumen-framework\\src\\Concerns\\RoutesRequests.php(389): Illuminate\\Container\\Container->call(Array, Array)
#23 C:\\xampp\\htdocs\\matrimonial\\vendor\\laravel\\lumen-framework\\src\\Concerns\\RoutesRequests.php(355): Laravel\\Lumen\\Application->callControllerCallable(Array, Array)
#24 C:\\xampp\\htdocs\\matrimonial\\vendor\\laravel\\lumen-framework\\src\\Concerns\\RoutesRequests.php(329): Laravel\\Lumen\\Application->callLumenController(Object(App\\Http\\Controllers\\loginController), 'adminLogin', Array)
#25 C:\\xampp\\htdocs\\matrimonial\\vendor\\laravel\\lumen-framework\\src\\Concerns\\RoutesRequests.php(282): Laravel\\Lumen\\Application->callControllerAction(Array)
#26 C:\\xampp\\htdocs\\matrimonial\\vendor\\laravel\\lumen-framework\\src\\Concerns\\RoutesRequests.php(267): Laravel\\Lumen\\Application->callActionOnArrayBasedRoute(Array)
#27 C:\\xampp\\htdocs\\matrimonial\\vendor\\laravel\\lumen-framework\\src\\Concerns\\RoutesRequests.php(169): Laravel\\Lumen\\Application->handleFoundRoute(Array)
#28 C:\\xampp\\htdocs\\matrimonial\\vendor\\laravel\\lumen-framework\\src\\Routing\\Pipeline.php(48): Laravel\\Lumen\\Application->Laravel\\Lumen\\Concerns\\{closure}(Object(Laravel\\Lumen\\Http\\Request))
#29 C:\\xampp\\htdocs\\matrimonial\\app\\Http\\Middleware\\CorsMiddleware.php(28): Laravel\\Lumen\\Routing\\Pipeline->Laravel\\Lumen\\Routing\\{closure}(Object(Laravel\\Lumen\\Http\\Request))
#30 C:\\xampp\\htdocs\\matrimonial\\vendor\\illuminate\\pipeline\\Pipeline.php(167): App\\Http\\Middleware\\CorsMiddleware->handle(Object(Laravel\\Lumen\\Http\\Request), Object(Closure))
#31 C:\\xampp\\htdocs\\matrimonial\\vendor\\laravel\\lumen-framework\\src\\Routing\\Pipeline.php(30): Illuminate\\Pipeline\\Pipeline->Illuminate\\Pipeline\\{closure}(Object(Laravel\\Lumen\\Http\\Request))
#32 C:\\xampp\\htdocs\\matrimonial\\app\\Http\\Middleware\\ExampleMiddleware.php(18): Laravel\\Lumen\\Routing\\Pipeline->Laravel\\Lumen\\Routing\\{closure}(Object(Laravel\\Lumen\\Http\\Request))
#33 C:\\xampp\\htdocs\\matrimonial\\vendor\\illuminate\\pipeline\\Pipeline.php(167): App\\Http\\Middleware\\ExampleMiddleware->handle(Object(Laravel\\Lumen\\Http\\Request), Object(Closure))
#34 C:\\xampp\\htdocs\\matrimonial\\vendor\\laravel\\lumen-framework\\src\\Routing\\Pipeline.php(30): Illuminate\\Pipeline\\Pipeline->Illuminate\\Pipeline\\{closure}(Object(Laravel\\Lumen\\Http\\Request))
#35 C:\\xampp\\htdocs\\matrimonial\\vendor\\illuminate\\pipeline\\Pipeline.php(103): Laravel\\Lumen\\Routing\\Pipeline->Laravel\\Lumen\\Routing\\{closure}(Object(Laravel\\Lumen\\Http\\Request))
#36 C:\\xampp\\htdocs\\matrimonial\\vendor\\laravel\\lumen-framework\\src\\Concerns\\RoutesRequests.php(426): Illuminate\\Pipeline\\Pipeline->then(Object(Closure))
#37 C:\\xampp\\htdocs\\matrimonial\\vendor\\laravel\\lumen-framework\\src\\Concerns\\RoutesRequests.php(175): Laravel\\Lumen\\Application->sendThroughPipeline(Array, Object(Closure))
#38 C:\\xampp\\htdocs\\matrimonial\\vendor\\laravel\\lumen-framework\\src\\Concerns\\RoutesRequests.php(112): Laravel\\Lumen\\Application->dispatch(NULL)
#39 C:\\xampp\\htdocs\\matrimonial\\public\\index.php(28): Laravel\\Lumen\\Application->run()
#40 {main}
"} 
[2023-05-29 05:57:22] local.ERROR: SQLSTATE[HY000] [2002] php_network_getaddresses: getaddrinfo failed: No such host is known.  (SQL: select * from `Admin` where `UserId` = Gyana@123) {"exception":"[object] (Illuminate\\Database\\QueryException(code: 2002): SQLSTATE[HY000] [2002] php_network_getaddresses: getaddrinfo failed: No such host is known.  (SQL: select * from `Admin` where `UserId` = Gyana@123) at C:\\xampp\\htdocs\\matrimonial\\vendor\\illuminate\\database\\Connection.php:712)
[stacktrace]
#0 C:\\xampp\\htdocs\\matrimonial\\vendor\\illuminate\\database\\Connection.php(672): Illuminate\\Database\\Connection->runQueryCallback('select * from `...', Array, Object(Closure))
#1 C:\\xampp\\htdocs\\matrimonial\\vendor\\illuminate\\database\\Connection.php(376): Illuminate\\Database\\Connection->run('select * from `...', Array, Object(Closure))
#2 C:\\xampp\\htdocs\\matrimonial\\vendor\\illuminate\\database\\Query\\Builder.php(2414): Illuminate\\Database\\Connection->select('select * from `...', Array, true)
#3 C:\\xampp\\htdocs\\matrimonial\\vendor\\illuminate\\database\\Query\\Builder.php(2402): Illuminate\\Database\\Query\\Builder->runSelect()
#4 C:\\xampp\\htdocs\\matrimonial\\vendor\\illuminate\\database\\Query\\Builder.php(2936): Illuminate\\Database\\Query\\Builder->Illuminate\\Database\\Query\\{closure}()
#5 C:\\xampp\\htdocs\\matrimonial\\vendor\\illuminate\\database\\Query\\Builder.php(2403): Illuminate\\Database\\Query\\Builder->onceWithColumns(Array, Object(Closure))
#6 C:\\xampp\\htdocs\\matrimonial\\app\\Http\\Controllers\\loginController.php(20): Illuminate\\Database\\Query\\Builder->get()
#7 C:\\xampp\\htdocs\\matrimonial\\vendor\\illuminate\\container\\BoundMethod.php(36): App\\Http\\Controllers\\loginController->adminLogin()
#8 C:\\xampp\\htdocs\\matrimonial\\vendor\\illuminate\\container\\Util.php(40): Illuminate\\Container\\BoundMethod::Illuminate\\Container\\{closure}()
#9 C:\\xampp\\htdocs\\matrimonial\\vendor\\illuminate\\container\\BoundMethod.php(93): Illuminate\\Container\\Util::unwrapIfClosure(Object(Closure))
#10 C:\\xampp\\htdocs\\matrimonial\\vendor\\illuminate\\container\\BoundMethod.php(37): Illuminate\\Container\\BoundMethod::callBoundMethod(Object(Laravel\\Lumen\\Application), Array, Object(Closure))
#11 C:\\xampp\\htdocs\\matrimonial\\vendor\\illuminate\\container\\Container.php(653): Illuminate\\Container\\BoundMethod::call(Object(Laravel\\Lumen\\Application), Array, Array, NULL)
#12 C:\\xampp\\htdocs\\matrimonial\\vendor\\laravel\\lumen-framework\\src\\Concerns\\RoutesRequests.php(389): Illuminate\\Container\\Container->call(Array, Array)
#13 C:\\xampp\\htdocs\\matrimonial\\vendor\\laravel\\lumen-framework\\src\\Concerns\\RoutesRequests.php(355): Laravel\\Lumen\\Application->callControllerCallable(Array, Array)
#14 C:\\xampp\\htdocs\\matrimonial\\vendor\\laravel\\lumen-framework\\src\\Concerns\\RoutesRequests.php(329): Laravel\\Lumen\\Application->callLumenController(Object(App\\Http\\Controllers\\loginController), 'adminLogin', Array)
#15 C:\\xampp\\htdocs\\matrimonial\\vendor\\laravel\\lumen-framework\\src\\Concerns\\RoutesRequests.php(282): Laravel\\Lumen\\Application->callControllerAction(Array)
#16 C:\\xampp\\htdocs\\matrimonial\\vendor\\laravel\\lumen-framework\\src\\Concerns\\RoutesRequests.php(267): Laravel\\Lumen\\Application->callActionOnArrayBasedRoute(Array)
#17 C:\\xampp\\htdocs\\matrimonial\\vendor\\laravel\\lumen-framework\\src\\Concerns\\RoutesRequests.php(169): Laravel\\Lumen\\Application->handleFoundRoute(Array)
#18 C:\\xampp\\htdocs\\matrimonial\\vendor\\laravel\\lumen-framework\\src\\Routing\\Pipeline.php(48): Laravel\\Lumen\\Application->Laravel\\Lumen\\Concerns\\{closure}(Object(Laravel\\Lumen\\Http\\Request))
#19 C:\\xampp\\htdocs\\matrimonial\\app\\Http\\Middleware\\CorsMiddleware.php(28): Laravel\\Lumen\\Routing\\Pipeline->Laravel\\Lumen\\Routing\\{closure}(Object(Laravel\\Lumen\\Http\\Request))
#20 C:\\xampp\\htdocs\\matrimonial\\vendor\\illuminate\\pipeline\\Pipeline.php(167): App\\Http\\Middleware\\CorsMiddleware->handle(Object(Laravel\\Lumen\\Http\\Request), Object(Closure))
#21 C:\\xampp\\htdocs\\matrimonial\\vendor\\laravel\\lumen-framework\\src\\Routing\\Pipeline.php(30): Illuminate\\Pipeline\\Pipeline->Illuminate\\Pipeline\\{closure}(Object(Laravel\\Lumen\\Http\\Request))
#22 C:\\xampp\\htdocs\\matrimonial\\app\\Http\\Middleware\\ExampleMiddleware.php(18): Laravel\\Lumen\\Routing\\Pipeline->Laravel\\Lumen\\Routing\\{closure}(Object(Laravel\\Lumen\\Http\\Request))
#23 C:\\xampp\\htdocs\\matrimonial\\vendor\\illuminate\\pipeline\\Pipeline.php(167): App\\Http\\Middleware\\ExampleMiddleware->handle(Object(Laravel\\Lumen\\Http\\Request), Object(Closure))
#24 C:\\xampp\\htdocs\\matrimonial\\vendor\\laravel\\lumen-framework\\src\\Routing\\Pipeline.php(30): Illuminate\\Pipeline\\Pipeline->Illuminate\\Pipeline\\{closure}(Object(Laravel\\Lumen\\Http\\Request))
#25 C:\\xampp\\htdocs\\matrimonial\\vendor\\illuminate\\pipeline\\Pipeline.php(103): Laravel\\Lumen\\Routing\\Pipeline->Laravel\\Lumen\\Routing\\{closure}(Object(Laravel\\Lumen\\Http\\Request))
#26 C:\\xampp\\htdocs\\matrimonial\\vendor\\laravel\\lumen-framework\\src\\Concerns\\RoutesRequests.php(426): Illuminate\\Pipeline\\Pipeline->then(Object(Closure))
#27 C:\\xampp\\htdocs\\matrimonial\\vendor\\laravel\\lumen-framework\\src\\Concerns\\RoutesRequests.php(175): Laravel\\Lumen\\Application->sendThroughPipeline(Array, Object(Closure))
#28 C:\\xampp\\htdocs\\matrimonial\\vendor\\laravel\\lumen-framework\\src\\Concerns\\RoutesRequests.php(112): Laravel\\Lumen\\Application->dispatch(NULL)
#29 C:\\xampp\\htdocs\\matrimonial\\public\\index.php(28): Laravel\\Lumen\\Application->run()
#30 {main}

[previous exception] [object] (PDOException(code: 2002): SQLSTATE[HY000] [2002] php_network_getaddresses: getaddrinfo failed: No such host is known.  at C:\\xampp\\htdocs\\matrimonial\\vendor\\illuminate\\database\\Connectors\\Connector.php:70)
[stacktrace]
#0 C:\\xampp\\htdocs\\matrimonial\\vendor\\illuminate\\database\\Connectors\\Connector.php(70): PDO->__construct('mysql:host=http...', 'root', '', Array)
#1 C:\\xampp\\htdocs\\matrimonial\\vendor\\illuminate\\database\\Connectors\\Connector.php(46): Illuminate\\Database\\Connectors\\Connector->createPdoConnection('mysql:host=http...', 'root', '', Array)
#2 C:\\xampp\\htdocs\\matrimonial\\vendor\\illuminate\\database\\Connectors\\MySqlConnector.php(24): Illuminate\\Database\\Connectors\\Connector->createConnection('mysql:host=http...', Array, Array)
#3 C:\\xampp\\htdocs\\matrimonial\\vendor\\illuminate\\database\\Connectors\\ConnectionFactory.php(184): Illuminate\\Database\\Connectors\\MySqlConnector->connect(Array)
#4 [internal function]: Illuminate\\Database\\Connectors\\ConnectionFactory->Illuminate\\Database\\Connectors\\{closure}()
#5 C:\\xampp\\htdocs\\matrimonial\\vendor\\illuminate\\database\\Connection.php(1064): call_user_func(Object(Closure))
#6 C:\\xampp\\htdocs\\matrimonial\\vendor\\illuminate\\database\\Connection.php(1100): Illuminate\\Database\\Connection->getPdo()
#7 C:\\xampp\\htdocs\\matrimonial\\vendor\\illuminate\\database\\Connection.php(442): Illuminate\\Database\\Connection->getReadPdo()
#8 C:\\xampp\\htdocs\\matrimonial\\vendor\\illuminate\\database\\Connection.php(368): Illuminate\\Database\\Connection->getPdoForSelect(true)
#9 C:\\xampp\\htdocs\\matrimonial\\vendor\\illuminate\\database\\Connection.php(705): Illuminate\\Database\\Connection->Illuminate\\Database\\{closure}('select * from `...', Array)
#10 C:\\xampp\\htdocs\\matrimonial\\vendor\\illuminate\\database\\Connection.php(672): Illuminate\\Database\\Connection->runQueryCallback('select * from `...', Array, Object(Closure))
#11 C:\\xampp\\htdocs\\matrimonial\\vendor\\illuminate\\database\\Connection.php(376): Illuminate\\Database\\Connection->run('select * from `...', Array, Object(Closure))
#12 C:\\xampp\\htdocs\\matrimonial\\vendor\\illuminate\\database\\Query\\Builder.php(2414): Illuminate\\Database\\Connection->select('select * from `...', Array, true)
#13 C:\\xampp\\htdocs\\matrimonial\\vendor\\illuminate\\database\\Query\\Builder.php(2402): Illuminate\\Database\\Query\\Builder->runSelect()
#14 C:\\xampp\\htdocs\\matrimonial\\vendor\\illuminate\\database\\Query\\Builder.php(2936): Illuminate\\Database\\Query\\Builder->Illuminate\\Database\\Query\\{closure}()
#15 C:\\xampp\\htdocs\\matrimonial\\vendor\\illuminate\\database\\Query\\Builder.php(2403): Illuminate\\Database\\Query\\Builder->onceWithColumns(Array, Object(Closure))
#16 C:\\xampp\\htdocs\\matrimonial\\app\\Http\\Controllers\\loginController.php(20): Illuminate\\Database\\Query\\Builder->get()
#17 C:\\xampp\\htdocs\\matrimonial\\vendor\\illuminate\\container\\BoundMethod.php(36): App\\Http\\Controllers\\loginController->adminLogin()
#18 C:\\xampp\\htdocs\\matrimonial\\vendor\\illuminate\\container\\Util.php(40): Illuminate\\Container\\BoundMethod::Illuminate\\Container\\{closure}()
#19 C:\\xampp\\htdocs\\matrimonial\\vendor\\illuminate\\container\\BoundMethod.php(93): Illuminate\\Container\\Util::unwrapIfClosure(Object(Closure))
#20 C:\\xampp\\htdocs\\matrimonial\\vendor\\illuminate\\container\\BoundMethod.php(37): Illuminate\\Container\\BoundMethod::callBoundMethod(Object(Laravel\\Lumen\\Application), Array, Object(Closure))
#21 C:\\xampp\\htdocs\\matrimonial\\vendor\\illuminate\\container\\Container.php(653): Illuminate\\Container\\BoundMethod::call(Object(Laravel\\Lumen\\Application), Array, Array, NULL)
#22 C:\\xampp\\htdocs\\matrimonial\\vendor\\laravel\\lumen-framework\\src\\Concerns\\RoutesRequests.php(389): Illuminate\\Container\\Container->call(Array, Array)
#23 C:\\xampp\\htdocs\\matrimonial\\vendor\\laravel\\lumen-framework\\src\\Concerns\\RoutesRequests.php(355): Laravel\\Lumen\\Application->callControllerCallable(Array, Array)
#24 C:\\xampp\\htdocs\\matrimonial\\vendor\\laravel\\lumen-framework\\src\\Concerns\\RoutesRequests.php(329): Laravel\\Lumen\\Application->callLumenController(Object(App\\Http\\Controllers\\loginController), 'adminLogin', Array)
#25 C:\\xampp\\htdocs\\matrimonial\\vendor\\laravel\\lumen-framework\\src\\Concerns\\RoutesRequests.php(282): Laravel\\Lumen\\Application->callControllerAction(Array)
#26 C:\\xampp\\htdocs\\matrimonial\\vendor\\laravel\\lumen-framework\\src\\Concerns\\RoutesRequests.php(267): Laravel\\Lumen\\Application->callActionOnArrayBasedRoute(Array)
#27 C:\\xampp\\htdocs\\matrimonial\\vendor\\laravel\\lumen-framework\\src\\Concerns\\RoutesRequests.php(169): Laravel\\Lumen\\Application->handleFoundRoute(Array)
#28 C:\\xampp\\htdocs\\matrimonial\\vendor\\laravel\\lumen-framework\\src\\Routing\\Pipeline.php(48): Laravel\\Lumen\\Application->Laravel\\Lumen\\Concerns\\{closure}(Object(Laravel\\Lumen\\Http\\Request))
#29 C:\\xampp\\htdocs\\matrimonial\\app\\Http\\Middleware\\CorsMiddleware.php(28): Laravel\\Lumen\\Routing\\Pipeline->Laravel\\Lumen\\Routing\\{closure}(Object(Laravel\\Lumen\\Http\\Request))
#30 C:\\xampp\\htdocs\\matrimonial\\vendor\\illuminate\\pipeline\\Pipeline.php(167): App\\Http\\Middleware\\CorsMiddleware->handle(Object(Laravel\\Lumen\\Http\\Request), Object(Closure))
#31 C:\\xampp\\htdocs\\matrimonial\\vendor\\laravel\\lumen-framework\\src\\Routing\\Pipeline.php(30): Illuminate\\Pipeline\\Pipeline->Illuminate\\Pipeline\\{closure}(Object(Laravel\\Lumen\\Http\\Request))
#32 C:\\xampp\\htdocs\\matrimonial\\app\\Http\\Middleware\\ExampleMiddleware.php(18): Laravel\\Lumen\\Routing\\Pipeline->Laravel\\Lumen\\Routing\\{closure}(Object(Laravel\\Lumen\\Http\\Request))
#33 C:\\xampp\\htdocs\\matrimonial\\vendor\\illuminate\\pipeline\\Pipeline.php(167): App\\Http\\Middleware\\ExampleMiddleware->handle(Object(Laravel\\Lumen\\Http\\Request), Object(Closure))
#34 C:\\xampp\\htdocs\\matrimonial\\vendor\\laravel\\lumen-framework\\src\\Routing\\Pipeline.php(30): Illuminate\\Pipeline\\Pipeline->Illuminate\\Pipeline\\{closure}(Object(Laravel\\Lumen\\Http\\Request))
#35 C:\\xampp\\htdocs\\matrimonial\\vendor\\illuminate\\pipeline\\Pipeline.php(103): Laravel\\Lumen\\Routing\\Pipeline->Laravel\\Lumen\\Routing\\{closure}(Object(Laravel\\Lumen\\Http\\Request))
#36 C:\\xampp\\htdocs\\matrimonial\\vendor\\laravel\\lumen-framework\\src\\Concerns\\RoutesRequests.php(426): Illuminate\\Pipeline\\Pipeline->then(Object(Closure))
#37 C:\\xampp\\htdocs\\matrimonial\\vendor\\laravel\\lumen-framework\\src\\Concerns\\RoutesRequests.php(175): Laravel\\Lumen\\Application->sendThroughPipeline(Array, Object(Closure))
#38 C:\\xampp\\htdocs\\matrimonial\\vendor\\laravel\\lumen-framework\\src\\Concerns\\RoutesRequests.php(112): Laravel\\Lumen\\Application->dispatch(NULL)
#39 C:\\xampp\\htdocs\\matrimonial\\public\\index.php(28): Laravel\\Lumen\\Application->run()
#40 {main}

[previous exception] [object] (PDOException(code: 0): PDO::__construct(): php_network_getaddresses: getaddrinfo failed: No such host is known.  at C:\\xampp\\htdocs\\matrimonial\\vendor\\illuminate\\database\\Connectors\\Connector.php:70)
[stacktrace]
#0 C:\\xampp\\htdocs\\matrimonial\\vendor\\illuminate\\database\\Connectors\\Connector.php(70): PDO->__construct('mysql:host=http...', 'root', '', Array)
#1 C:\\xampp\\htdocs\\matrimonial\\vendor\\illuminate\\database\\Connectors\\Connector.php(46): Illuminate\\Database\\Connectors\\Connector->createPdoConnection('mysql:host=http...', 'root', '', Array)
#2 C:\\xampp\\htdocs\\matrimonial\\vendor\\illuminate\\database\\Connectors\\MySqlConnector.php(24): Illuminate\\Database\\Connectors\\Connector->createConnection('mysql:host=http...', Array, Array)
#3 C:\\xampp\\htdocs\\matrimonial\\vendor\\illuminate\\database\\Connectors\\ConnectionFactory.php(184): Illuminate\\Database\\Connectors\\MySqlConnector->connect(Array)
#4 [internal function]: Illuminate\\Database\\Connectors\\ConnectionFactory->Illuminate\\Database\\Connectors\\{closure}()
#5 C:\\xampp\\htdocs\\matrimonial\\vendor\\illuminate\\database\\Connection.php(1064): call_user_func(Object(Closure))
#6 C:\\xampp\\htdocs\\matrimonial\\vendor\\illuminate\\database\\Connection.php(1100): Illuminate\\Database\\Connection->getPdo()
#7 C:\\xampp\\htdocs\\matrimonial\\vendor\\illuminate\\database\\Connection.php(442): Illuminate\\Database\\Connection->getReadPdo()
#8 C:\\xampp\\htdocs\\matrimonial\\vendor\\illuminate\\database\\Connection.php(368): Illuminate\\Database\\Connection->getPdoForSelect(true)
#9 C:\\xampp\\htdocs\\matrimonial\\vendor\\illuminate\\database\\Connection.php(705): Illuminate\\Database\\Connection->Illuminate\\Database\\{closure}('select * from `...', Array)
#10 C:\\xampp\\htdocs\\matrimonial\\vendor\\illuminate\\database\\Connection.php(672): Illuminate\\Database\\Connection->runQueryCallback('select * from `...', Array, Object(Closure))
#11 C:\\xampp\\htdocs\\matrimonial\\vendor\\illuminate\\database\\Connection.php(376): Illuminate\\Database\\Connection->run('select * from `...', Array, Object(Closure))
#12 C:\\xampp\\htdocs\\matrimonial\\vendor\\illuminate\\database\\Query\\Builder.php(2414): Illuminate\\Database\\Connection->select('select * from `...', Array, true)
#13 C:\\xampp\\htdocs\\matrimonial\\vendor\\illuminate\\database\\Query\\Builder.php(2402): Illuminate\\Database\\Query\\Builder->runSelect()
#14 C:\\xampp\\htdocs\\matrimonial\\vendor\\illuminate\\database\\Query\\Builder.php(2936): Illuminate\\Database\\Query\\Builder->Illuminate\\Database\\Query\\{closure}()
#15 C:\\xampp\\htdocs\\matrimonial\\vendor\\illuminate\\database\\Query\\Builder.php(2403): Illuminate\\Database\\Query\\Builder->onceWithColumns(Array, Object(Closure))
#16 C:\\xampp\\htdocs\\matrimonial\\app\\Http\\Controllers\\loginController.php(20): Illuminate\\Database\\Query\\Builder->get()
#17 C:\\xampp\\htdocs\\matrimonial\\vendor\\illuminate\\container\\BoundMethod.php(36): App\\Http\\Controllers\\loginController->adminLogin()
#18 C:\\xampp\\htdocs\\matrimonial\\vendor\\illuminate\\container\\Util.php(40): Illuminate\\Container\\BoundMethod::Illuminate\\Container\\{closure}()
#19 C:\\xampp\\htdocs\\matrimonial\\vendor\\illuminate\\container\\BoundMethod.php(93): Illuminate\\Container\\Util::unwrapIfClosure(Object(Closure))
#20 C:\\xampp\\htdocs\\matrimonial\\vendor\\illuminate\\container\\BoundMethod.php(37): Illuminate\\Container\\BoundMethod::callBoundMethod(Object(Laravel\\Lumen\\Application), Array, Object(Closure))
#21 C:\\xampp\\htdocs\\matrimonial\\vendor\\illuminate\\container\\Container.php(653): Illuminate\\Container\\BoundMethod::call(Object(Laravel\\Lumen\\Application), Array, Array, NULL)
#22 C:\\xampp\\htdocs\\matrimonial\\vendor\\laravel\\lumen-framework\\src\\Concerns\\RoutesRequests.php(389): Illuminate\\Container\\Container->call(Array, Array)
#23 C:\\xampp\\htdocs\\matrimonial\\vendor\\laravel\\lumen-framework\\src\\Concerns\\RoutesRequests.php(355): Laravel\\Lumen\\Application->callControllerCallable(Array, Array)
#24 C:\\xampp\\htdocs\\matrimonial\\vendor\\laravel\\lumen-framework\\src\\Concerns\\RoutesRequests.php(329): Laravel\\Lumen\\Application->callLumenController(Object(App\\Http\\Controllers\\loginController), 'adminLogin', Array)
#25 C:\\xampp\\htdocs\\matrimonial\\vendor\\laravel\\lumen-framework\\src\\Concerns\\RoutesRequests.php(282): Laravel\\Lumen\\Application->callControllerAction(Array)
#26 C:\\xampp\\htdocs\\matrimonial\\vendor\\laravel\\lumen-framework\\src\\Concerns\\RoutesRequests.php(267): Laravel\\Lumen\\Application->callActionOnArrayBasedRoute(Array)
#27 C:\\xampp\\htdocs\\matrimonial\\vendor\\laravel\\lumen-framework\\src\\Concerns\\RoutesRequests.php(169): Laravel\\Lumen\\Application->handleFoundRoute(Array)
#28 C:\\xampp\\htdocs\\matrimonial\\vendor\\laravel\\lumen-framework\\src\\Routing\\Pipeline.php(48): Laravel\\Lumen\\Application->Laravel\\Lumen\\Concerns\\{closure}(Object(Laravel\\Lumen\\Http\\Request))
#29 C:\\xampp\\htdocs\\matrimonial\\app\\Http\\Middleware\\CorsMiddleware.php(28): Laravel\\Lumen\\Routing\\Pipeline->Laravel\\Lumen\\Routing\\{closure}(Object(Laravel\\Lumen\\Http\\Request))
#30 C:\\xampp\\htdocs\\matrimonial\\vendor\\illuminate\\pipeline\\Pipeline.php(167): App\\Http\\Middleware\\CorsMiddleware->handle(Object(Laravel\\Lumen\\Http\\Request), Object(Closure))
#31 C:\\xampp\\htdocs\\matrimonial\\vendor\\laravel\\lumen-framework\\src\\Routing\\Pipeline.php(30): Illuminate\\Pipeline\\Pipeline->Illuminate\\Pipeline\\{closure}(Object(Laravel\\Lumen\\Http\\Request))
#32 C:\\xampp\\htdocs\\matrimonial\\app\\Http\\Middleware\\ExampleMiddleware.php(18): Laravel\\Lumen\\Routing\\Pipeline->Laravel\\Lumen\\Routing\\{closure}(Object(Laravel\\Lumen\\Http\\Request))
#33 C:\\xampp\\htdocs\\matrimonial\\vendor\\illuminate\\pipeline\\Pipeline.php(167): App\\Http\\Middleware\\ExampleMiddleware->handle(Object(Laravel\\Lumen\\Http\\Request), Object(Closure))
#34 C:\\xampp\\htdocs\\matrimonial\\vendor\\laravel\\lumen-framework\\src\\Routing\\Pipeline.php(30): Illuminate\\Pipeline\\Pipeline->Illuminate\\Pipeline\\{closure}(Object(Laravel\\Lumen\\Http\\Request))
#35 C:\\xampp\\htdocs\\matrimonial\\vendor\\illuminate\\pipeline\\Pipeline.php(103): Laravel\\Lumen\\Routing\\Pipeline->Laravel\\Lumen\\Routing\\{closure}(Object(Laravel\\Lumen\\Http\\Request))
#36 C:\\xampp\\htdocs\\matrimonial\\vendor\\laravel\\lumen-framework\\src\\Concerns\\RoutesRequests.php(426): Illuminate\\Pipeline\\Pipeline->then(Object(Closure))
#37 C:\\xampp\\htdocs\\matrimonial\\vendor\\laravel\\lumen-framework\\src\\Concerns\\RoutesRequests.php(175): Laravel\\Lumen\\Application->sendThroughPipeline(Array, Object(Closure))
#38 C:\\xampp\\htdocs\\matrimonial\\vendor\\laravel\\lumen-framework\\src\\Concerns\\RoutesRequests.php(112): Laravel\\Lumen\\Application->dispatch(NULL)
#39 C:\\xampp\\htdocs\\matrimonial\\public\\index.php(28): Laravel\\Lumen\\Application->run()
#40 {main}
"} 
[2023-05-29 09:27:30] local.ERROR: syntax error, unexpected end of file, expecting function (T_FUNCTION) or const (T_CONST) {"exception":"[object] (ParseError(code: 0): syntax error, unexpected end of file, expecting function (T_FUNCTION) or const (T_CONST) at C:\\xampp\\htdocs\\matrimonial\\app\\Http\\Controllers\\addItemControler.php:57)
[stacktrace]
#0 C:\\xampp\\htdocs\\matrimonial\\vendor\\composer\\ClassLoader.php(428): Composer\\Autoload\\includeFile('C:\\\\xampp\\\\htdocs...')
#1 [internal function]: Composer\\Autoload\\ClassLoader->loadClass('App\\\\Http\\\\Contro...')
#2 [internal function]: spl_autoload_call('App\\\\Http\\\\Contro...')
#3 C:\\xampp\\htdocs\\matrimonial\\vendor\\illuminate\\container\\Container.php(877): ReflectionClass->__construct('App\\\\Http\\\\Contro...')
#4 C:\\xampp\\htdocs\\matrimonial\\vendor\\illuminate\\container\\Container.php(758): Illuminate\\Container\\Container->build('App\\\\Http\\\\Contro...')
#5 C:\\xampp\\htdocs\\matrimonial\\vendor\\illuminate\\container\\Container.php(694): Illuminate\\Container\\Container->resolve('App\\\\Http\\\\Contro...', Array)
#6 C:\\xampp\\htdocs\\matrimonial\\vendor\\laravel\\lumen-framework\\src\\Application.php(300): Illuminate\\Container\\Container->make('App\\\\Http\\\\Contro...', Array)
#7 C:\\xampp\\htdocs\\matrimonial\\vendor\\laravel\\lumen-framework\\src\\Concerns\\RoutesRequests.php(324): Laravel\\Lumen\\Application->make('App\\\\Http\\\\Contro...')
#8 C:\\xampp\\htdocs\\matrimonial\\vendor\\laravel\\lumen-framework\\src\\Concerns\\RoutesRequests.php(282): Laravel\\Lumen\\Application->callControllerAction(Array)
#9 C:\\xampp\\htdocs\\matrimonial\\vendor\\laravel\\lumen-framework\\src\\Concerns\\RoutesRequests.php(267): Laravel\\Lumen\\Application->callActionOnArrayBasedRoute(Array)
#10 C:\\xampp\\htdocs\\matrimonial\\vendor\\laravel\\lumen-framework\\src\\Concerns\\RoutesRequests.php(169): Laravel\\Lumen\\Application->handleFoundRoute(Array)
#11 C:\\xampp\\htdocs\\matrimonial\\vendor\\laravel\\lumen-framework\\src\\Routing\\Pipeline.php(48): Laravel\\Lumen\\Application->Laravel\\Lumen\\Concerns\\{closure}(Object(Laravel\\Lumen\\Http\\Request))
#12 C:\\xampp\\htdocs\\matrimonial\\app\\Http\\Middleware\\CorsMiddleware.php(28): Laravel\\Lumen\\Routing\\Pipeline->Laravel\\Lumen\\Routing\\{closure}(Object(Laravel\\Lumen\\Http\\Request))
#13 C:\\xampp\\htdocs\\matrimonial\\vendor\\illuminate\\pipeline\\Pipeline.php(167): App\\Http\\Middleware\\CorsMiddleware->handle(Object(Laravel\\Lumen\\Http\\Request), Object(Closure))
#14 C:\\xampp\\htdocs\\matrimonial\\vendor\\laravel\\lumen-framework\\src\\Routing\\Pipeline.php(30): Illuminate\\Pipeline\\Pipeline->Illuminate\\Pipeline\\{closure}(Object(Laravel\\Lumen\\Http\\Request))
#15 C:\\xampp\\htdocs\\matrimonial\\app\\Http\\Middleware\\ExampleMiddleware.php(18): Laravel\\Lumen\\Routing\\Pipeline->Laravel\\Lumen\\Routing\\{closure}(Object(Laravel\\Lumen\\Http\\Request))
#16 C:\\xampp\\htdocs\\matrimonial\\vendor\\illuminate\\pipeline\\Pipeline.php(167): App\\Http\\Middleware\\ExampleMiddleware->handle(Object(Laravel\\Lumen\\Http\\Request), Object(Closure))
#17 C:\\xampp\\htdocs\\matrimonial\\vendor\\laravel\\lumen-framework\\src\\Routing\\Pipeline.php(30): Illuminate\\Pipeline\\Pipeline->Illuminate\\Pipeline\\{closure}(Object(Laravel\\Lumen\\Http\\Request))
#18 C:\\xampp\\htdocs\\matrimonial\\vendor\\illuminate\\pipeline\\Pipeline.php(103): Laravel\\Lumen\\Routing\\Pipeline->Laravel\\Lumen\\Routing\\{closure}(Object(Laravel\\Lumen\\Http\\Request))
#19 C:\\xampp\\htdocs\\matrimonial\\vendor\\laravel\\lumen-framework\\src\\Concerns\\RoutesRequests.php(426): Illuminate\\Pipeline\\Pipeline->then(Object(Closure))
#20 C:\\xampp\\htdocs\\matrimonial\\vendor\\laravel\\lumen-framework\\src\\Concerns\\RoutesRequests.php(175): Laravel\\Lumen\\Application->sendThroughPipeline(Array, Object(Closure))
#21 C:\\xampp\\htdocs\\matrimonial\\vendor\\laravel\\lumen-framework\\src\\Concerns\\RoutesRequests.php(112): Laravel\\Lumen\\Application->dispatch(NULL)
#22 C:\\xampp\\htdocs\\matrimonial\\public\\index.php(28): Laravel\\Lumen\\Application->run()
#23 {main}
"} 
[2023-05-29 10:08:22] local.ERROR: There are no commands defined in the "optimize" namespace. {"exception":"[object] (Symfony\\Component\\Console\\Exception\\NamespaceNotFoundException(code: 0): There are no commands defined in the \"optimize\" namespace. at C:\\xampp\\htdocs\\matrimonial\\vendor\\symfony\\console\\Application.php:650)
[stacktrace]
#0 C:\\xampp\\htdocs\\matrimonial\\vendor\\symfony\\console\\Application.php(701): Symfony\\Component\\Console\\Application->findNamespace('optimize')
#1 C:\\xampp\\htdocs\\matrimonial\\vendor\\symfony\\console\\Application.php(259): Symfony\\Component\\Console\\Application->find('optimize:clear')
#2 C:\\xampp\\htdocs\\matrimonial\\vendor\\symfony\\console\\Application.php(171): Symfony\\Component\\Console\\Application->doRun(Object(Symfony\\Component\\Console\\Input\\ArgvInput), Object(Symfony\\Component\\Console\\Output\\ConsoleOutput))
#3 C:\\xampp\\htdocs\\matrimonial\\vendor\\illuminate\\console\\Application.php(94): Symfony\\Component\\Console\\Application->run(Object(Symfony\\Component\\Console\\Input\\ArgvInput), Object(Symfony\\Component\\Console\\Output\\ConsoleOutput))
#4 C:\\xampp\\htdocs\\matrimonial\\vendor\\laravel\\lumen-framework\\src\\Console\\Kernel.php(116): Illuminate\\Console\\Application->run(Object(Symfony\\Component\\Console\\Input\\ArgvInput), Object(Symfony\\Component\\Console\\Output\\ConsoleOutput))
#5 C:\\xampp\\htdocs\\matrimonial\\artisan(35): Laravel\\Lumen\\Console\\Kernel->handle(Object(Symfony\\Component\\Console\\Input\\ArgvInput), Object(Symfony\\Component\\Console\\Output\\ConsoleOutput))
#6 {main}
"} 
